ISO-10303-21;
HEADER;
FILE_DESCRIPTION(('KiCad electronic assembly'),'2;1');
FILE_NAME('mg_plink.step','2024-10-28T17:27:03',('Pcbnew'),('Kicad'),
  'Open CASCADE STEP processor 7.8','KiCad to STEP converter','Unknown'
  );
FILE_SCHEMA(('AUTOMOTIVE_DESIGN { 1 0 10303 214 1 1 1 1 }'));
ENDSEC;
DATA;
#1 = APPLICATION_PROTOCOL_DEFINITION('international standard',
  'automotive_design',2000,#2);
#2 = APPLICATION_CONTEXT(
  'core data for automotive mechanical design processes');
#3 = SHAPE_DEFINITION_REPRESENTATION(#4,#10);
#4 = PRODUCT_DEFINITION_SHAPE('','',#5);
#5 = PRODUCT_DEFINITION('design','',#6,#9);
#6 = PRODUCT_DEFINITION_FORMATION('','',#7);
#7 = PRODUCT('mg_plink 1','mg_plink 1','',(#8));
#8 = PRODUCT_CONTEXT('',#2,'mechanical');
#9 = PRODUCT_DEFINITION_CONTEXT('part definition',#2,'design');
#10 = SHAPE_REPRESENTATION('',(#11,#15),#19);
#11 = AXIS2_PLACEMENT_3D('',#12,#13,#14);
#12 = CARTESIAN_POINT('',(0.,0.,0.));
#13 = DIRECTION('',(0.,0.,1.));
#14 = DIRECTION('',(1.,0.,-0.));
#15 = AXIS2_PLACEMENT_3D('',#16,#17,#18);
#16 = CARTESIAN_POINT('',(0.,0.,0.));
#17 = DIRECTION('',(0.,0.,1.));
#18 = DIRECTION('',(1.,0.,-0.));
#19 = ( GEOMETRIC_REPRESENTATION_CONTEXT(3) 
GLOBAL_UNCERTAINTY_ASSIGNED_CONTEXT((#23)) GLOBAL_UNIT_ASSIGNED_CONTEXT(
(#20,#21,#22)) REPRESENTATION_CONTEXT('Context #1',
  '3D Context with UNIT and UNCERTAINTY') );
#20 = ( LENGTH_UNIT() NAMED_UNIT(*) SI_UNIT(.MILLI.,.METRE.) );
#21 = ( NAMED_UNIT(*) PLANE_ANGLE_UNIT() SI_UNIT($,.RADIAN.) );
#22 = ( NAMED_UNIT(*) SI_UNIT($,.STERADIAN.) SOLID_ANGLE_UNIT() );
#23 = UNCERTAINTY_MEASURE_WITH_UNIT(LENGTH_MEASURE(1.E-04),#20,
  'distance_accuracy_value','confusion accuracy');
#24 = PRODUCT_RELATED_PRODUCT_CATEGORY('part',$,(#7));
#25 = SHAPE_DEFINITION_REPRESENTATION(#26,#32);
#26 = PRODUCT_DEFINITION_SHAPE('','',#27);
#27 = PRODUCT_DEFINITION('design','',#28,#31);
#28 = PRODUCT_DEFINITION_FORMATION('','',#29);
#29 = PRODUCT('_autosave-motorgo_plink_PCB',
  '_autosave-motorgo_plink_PCB','',(#30));
#30 = PRODUCT_CONTEXT('',#2,'mechanical');
#31 = PRODUCT_DEFINITION_CONTEXT('part definition',#2,'design');
#32 = ADVANCED_BREP_SHAPE_REPRESENTATION('',(#11,#33),#2848);
#33 = MANIFOLD_SOLID_BREP('',#34);
#34 = CLOSED_SHELL('',(#35,#77,#108,#139,#867,#1595,#1612,#1629,#1646,
    #1663,#1680,#1697,#1714,#1731,#1748,#1765,#1782,#1794,#1811,#1828,
    #1845,#1862,#1879,#1896,#1913,#1930,#1947,#1964,#1981,#1998,#2015,
    #2037,#2054,#2071,#2083,#2105,#2122,#2139,#2151,#2173,#2190,#2207,
    #2219,#2236,#2253,#2270,#2287,#2304,#2321,#2343,#2360,#2377,#2389,
    #2406,#2423,#2440,#2457,#2474,#2491,#2508,#2525,#2547,#2564,#2581,
    #2593,#2610,#2632,#2649,#2666,#2678,#2700,#2717,#2734,#2746,#2768,
    #2785,#2802,#2814,#2831));
#35 = ADVANCED_FACE('',(#36),#72,.T.);
#36 = FACE_BOUND('',#37,.T.);
#37 = EDGE_LOOP('',(#38,#48,#57,#65));
#38 = ORIENTED_EDGE('',*,*,#39,.T.);
#39 = EDGE_CURVE('',#40,#42,#44,.T.);
#40 = VERTEX_POINT('',#41);
#41 = CARTESIAN_POINT('',(171.5,-60.,0.));
#42 = VERTEX_POINT('',#43);
#43 = CARTESIAN_POINT('',(171.5,-60.,1.566));
#44 = LINE('',#45,#46);
#45 = CARTESIAN_POINT('',(171.5,-60.,0.));
#46 = VECTOR('',#47,1.);
#47 = DIRECTION('',(0.,0.,1.));
#48 = ORIENTED_EDGE('',*,*,#49,.T.);
#49 = EDGE_CURVE('',#42,#50,#52,.T.);
#50 = VERTEX_POINT('',#51);
#51 = CARTESIAN_POINT('',(174.5,-63.,1.566));
#52 = CIRCLE('',#53,3.000001172987);
#53 = AXIS2_PLACEMENT_3D('',#54,#55,#56);
#54 = CARTESIAN_POINT('',(171.49999882701,-63.00000117298,1.566));
#55 = DIRECTION('',(0.,0.,-1.));
#56 = DIRECTION('',(3.909953710804E-07,1.,0.));
#57 = ORIENTED_EDGE('',*,*,#58,.F.);
#58 = EDGE_CURVE('',#59,#50,#61,.T.);
#59 = VERTEX_POINT('',#60);
#60 = CARTESIAN_POINT('',(174.5,-63.,0.));
#61 = LINE('',#62,#63);
#62 = CARTESIAN_POINT('',(174.5,-63.,0.));
#63 = VECTOR('',#64,1.);
#64 = DIRECTION('',(0.,0.,1.));
#65 = ORIENTED_EDGE('',*,*,#66,.F.);
#66 = EDGE_CURVE('',#40,#59,#67,.T.);
#67 = CIRCLE('',#68,3.000001172987);
#68 = AXIS2_PLACEMENT_3D('',#69,#70,#71);
#69 = CARTESIAN_POINT('',(171.49999882701,-63.00000117298,0.));
#70 = DIRECTION('',(0.,0.,-1.));
#71 = DIRECTION('',(3.909953710804E-07,1.,0.));
#72 = CYLINDRICAL_SURFACE('',#73,3.000001172987);
#73 = AXIS2_PLACEMENT_3D('',#74,#75,#76);
#74 = CARTESIAN_POINT('',(171.49999882701,-63.00000117298,0.));
#75 = DIRECTION('',(0.,0.,-1.));
#76 = DIRECTION('',(3.909953710804E-07,1.,0.));
#77 = ADVANCED_FACE('',(#78),#103,.T.);
#78 = FACE_BOUND('',#79,.T.);
#79 = EDGE_LOOP('',(#80,#90,#96,#97));
#80 = ORIENTED_EDGE('',*,*,#81,.T.);
#81 = EDGE_CURVE('',#82,#84,#86,.T.);
#82 = VERTEX_POINT('',#83);
#83 = CARTESIAN_POINT('',(112.5,-60.,0.));
#84 = VERTEX_POINT('',#85);
#85 = CARTESIAN_POINT('',(112.5,-60.,1.566));
#86 = LINE('',#87,#88);
#87 = CARTESIAN_POINT('',(112.5,-60.,0.));
#88 = VECTOR('',#89,1.);
#89 = DIRECTION('',(0.,0.,1.));
#90 = ORIENTED_EDGE('',*,*,#91,.T.);
#91 = EDGE_CURVE('',#84,#42,#92,.T.);
#92 = LINE('',#93,#94);
#93 = CARTESIAN_POINT('',(112.5,-60.,1.566));
#94 = VECTOR('',#95,1.);
#95 = DIRECTION('',(1.,0.,0.));
#96 = ORIENTED_EDGE('',*,*,#39,.F.);
#97 = ORIENTED_EDGE('',*,*,#98,.F.);
#98 = EDGE_CURVE('',#82,#40,#99,.T.);
#99 = LINE('',#100,#101);
#100 = CARTESIAN_POINT('',(112.5,-60.,0.));
#101 = VECTOR('',#102,1.);
#102 = DIRECTION('',(1.,0.,0.));
#103 = PLANE('',#104);
#104 = AXIS2_PLACEMENT_3D('',#105,#106,#107);
#105 = CARTESIAN_POINT('',(112.5,-60.,0.));
#106 = DIRECTION('',(0.,1.,0.));
#107 = DIRECTION('',(1.,0.,0.));
#108 = ADVANCED_FACE('',(#109),#134,.T.);
#109 = FACE_BOUND('',#110,.T.);
#110 = EDGE_LOOP('',(#111,#112,#120,#128));
#111 = ORIENTED_EDGE('',*,*,#58,.T.);
#112 = ORIENTED_EDGE('',*,*,#113,.T.);
#113 = EDGE_CURVE('',#50,#114,#116,.T.);
#114 = VERTEX_POINT('',#115);
#115 = CARTESIAN_POINT('',(174.5,-113.,1.566));
#116 = LINE('',#117,#118);
#117 = CARTESIAN_POINT('',(174.5,-63.,1.566));
#118 = VECTOR('',#119,1.);
#119 = DIRECTION('',(0.,-1.,0.));
#120 = ORIENTED_EDGE('',*,*,#121,.F.);
#121 = EDGE_CURVE('',#122,#114,#124,.T.);
#122 = VERTEX_POINT('',#123);
#123 = CARTESIAN_POINT('',(174.5,-113.,0.));
#124 = LINE('',#125,#126);
#125 = CARTESIAN_POINT('',(174.5,-113.,0.));
#126 = VECTOR('',#127,1.);
#127 = DIRECTION('',(0.,0.,1.));
#128 = ORIENTED_EDGE('',*,*,#129,.F.);
#129 = EDGE_CURVE('',#59,#122,#130,.T.);
#130 = LINE('',#131,#132);
#131 = CARTESIAN_POINT('',(174.5,-63.,0.));
#132 = VECTOR('',#133,1.);
#133 = DIRECTION('',(0.,-1.,0.));
#134 = PLANE('',#135);
#135 = AXIS2_PLACEMENT_3D('',#136,#137,#138);
#136 = CARTESIAN_POINT('',(174.5,-63.,0.));
#137 = DIRECTION('',(1.,0.,-0.));
#138 = DIRECTION('',(0.,-1.,0.));
#139 = ADVANCED_FACE('',(#140,#244,#255,#266,#277,#288,#299,#310,#321,
    #332,#343,#354,#365,#376,#387,#423,#459,#495,#506,#517,#528,#539,
    #550,#561,#597,#608,#619,#630,#641,#652,#663,#674,#685,#721,#732,
    #768,#804,#840,#851),#862,.F.);
#140 = FACE_BOUND('',#141,.F.);
#141 = EDGE_LOOP('',(#142,#143,#144,#153,#161,#169,#178,#186,#194,#202,
    #211,#219,#228,#236,#243));
#142 = ORIENTED_EDGE('',*,*,#66,.F.);
#143 = ORIENTED_EDGE('',*,*,#98,.F.);
#144 = ORIENTED_EDGE('',*,*,#145,.F.);
#145 = EDGE_CURVE('',#146,#82,#148,.T.);
#146 = VERTEX_POINT('',#147);
#147 = CARTESIAN_POINT('',(109.5,-63.,0.));
#148 = CIRCLE('',#149,3.000001172987);
#149 = AXIS2_PLACEMENT_3D('',#150,#151,#152);
#150 = CARTESIAN_POINT('',(112.50000117298,-63.00000117298,0.));
#151 = DIRECTION('',(0.,0.,-1.));
#152 = DIRECTION('',(-1.,3.909953663434E-07,0.));
#153 = ORIENTED_EDGE('',*,*,#154,.F.);
#154 = EDGE_CURVE('',#155,#146,#157,.T.);
#155 = VERTEX_POINT('',#156);
#156 = CARTESIAN_POINT('',(109.5,-65.5,0.));
#157 = LINE('',#158,#159);
#158 = CARTESIAN_POINT('',(109.5,-65.5,0.));
#159 = VECTOR('',#160,1.);
#160 = DIRECTION('',(0.,1.,0.));
#161 = ORIENTED_EDGE('',*,*,#162,.F.);
#162 = EDGE_CURVE('',#163,#155,#165,.T.);
#163 = VERTEX_POINT('',#164);
#164 = CARTESIAN_POINT('',(109.495932,-65.5,0.));
#165 = LINE('',#166,#167);
#166 = CARTESIAN_POINT('',(109.495932,-65.5,0.));
#167 = VECTOR('',#168,1.);
#168 = DIRECTION('',(1.,0.,0.));
#169 = ORIENTED_EDGE('',*,*,#170,.F.);
#170 = EDGE_CURVE('',#171,#163,#173,.T.);
#171 = VERTEX_POINT('',#172);
#172 = CARTESIAN_POINT('',(109.8,-66.2,0.));
#173 = CIRCLE('',#174,0.957773968736);
#174 = AXIS2_PLACEMENT_3D('',#175,#176,#177);
#175 = CARTESIAN_POINT('',(110.45370596873,-65.50000037026,0.));
#176 = DIRECTION('',(0.,0.,-1.));
#177 = DIRECTION('',(-0.68252634763,-0.730860988692,-0.));
#178 = ORIENTED_EDGE('',*,*,#179,.F.);
#179 = EDGE_CURVE('',#180,#171,#182,.T.);
#180 = VERTEX_POINT('',#181);
#181 = CARTESIAN_POINT('',(116.,-69.8,0.));
#182 = LINE('',#183,#184);
#183 = CARTESIAN_POINT('',(116.,-69.8,0.));
#184 = VECTOR('',#185,1.);
#185 = DIRECTION('',(-0.86478894661,0.502135517387,0.));
#186 = ORIENTED_EDGE('',*,*,#187,.F.);
#187 = EDGE_CURVE('',#188,#180,#190,.T.);
#188 = VERTEX_POINT('',#189);
#189 = CARTESIAN_POINT('',(116.,-97.2,0.));
#190 = LINE('',#191,#192);
#191 = CARTESIAN_POINT('',(116.,-97.2,0.));
#192 = VECTOR('',#193,1.);
#193 = DIRECTION('',(0.,1.,0.));
#194 = ORIENTED_EDGE('',*,*,#195,.F.);
#195 = EDGE_CURVE('',#196,#188,#198,.T.);
#196 = VERTEX_POINT('',#197);
#197 = CARTESIAN_POINT('',(110.07656,-101.1,0.));
#198 = LINE('',#199,#200);
#199 = CARTESIAN_POINT('',(110.07656,-101.1,0.));
#200 = VECTOR('',#201,1.);
#201 = DIRECTION('',(0.835222801686,0.549911694315,0.));
#202 = ORIENTED_EDGE('',*,*,#203,.F.);
#203 = EDGE_CURVE('',#204,#196,#206,.T.);
#204 = VERTEX_POINT('',#205);
#205 = CARTESIAN_POINT('',(109.5,-102.232231,0.));
#206 = CIRCLE('',#207,1.399999129025);
#207 = AXIS2_PLACEMENT_3D('',#208,#209,#210);
#208 = CARTESIAN_POINT('',(110.89999912902,-102.2322303484,0.));
#209 = DIRECTION('',(0.,0.,-1.));
#210 = DIRECTION('',(-1.,-4.653583171791E-07,-0.));
#211 = ORIENTED_EDGE('',*,*,#212,.F.);
#212 = EDGE_CURVE('',#213,#204,#215,.T.);
#213 = VERTEX_POINT('',#214);
#214 = CARTESIAN_POINT('',(109.5,-113.,0.));
#215 = LINE('',#216,#217);
#216 = CARTESIAN_POINT('',(109.5,-113.,0.));
#217 = VECTOR('',#218,1.);
#218 = DIRECTION('',(0.,1.,0.));
#219 = ORIENTED_EDGE('',*,*,#220,.F.);
#220 = EDGE_CURVE('',#221,#213,#223,.T.);
#221 = VERTEX_POINT('',#222);
#222 = CARTESIAN_POINT('',(112.5,-116.,0.));
#223 = CIRCLE('',#224,3.000001172987);
#224 = AXIS2_PLACEMENT_3D('',#225,#226,#227);
#225 = CARTESIAN_POINT('',(112.50000117298,-112.999998827,0.));
#226 = DIRECTION('',(0.,0.,-1.));
#227 = DIRECTION('',(-3.909953663434E-07,-1.,-0.));
#228 = ORIENTED_EDGE('',*,*,#229,.F.);
#229 = EDGE_CURVE('',#230,#221,#232,.T.);
#230 = VERTEX_POINT('',#231);
#231 = CARTESIAN_POINT('',(171.5,-116.,0.));
#232 = LINE('',#233,#234);
#233 = CARTESIAN_POINT('',(171.5,-116.,0.));
#234 = VECTOR('',#235,1.);
#235 = DIRECTION('',(-1.,0.,0.));
#236 = ORIENTED_EDGE('',*,*,#237,.F.);
#237 = EDGE_CURVE('',#122,#230,#238,.T.);
#238 = CIRCLE('',#239,3.000001172987);
#239 = AXIS2_PLACEMENT_3D('',#240,#241,#242);
#240 = CARTESIAN_POINT('',(171.49999882701,-112.999998827,0.));
#241 = DIRECTION('',(0.,0.,-1.));
#242 = DIRECTION('',(1.,-3.909953663434E-07,0.));
#243 = ORIENTED_EDGE('',*,*,#129,.F.);
#244 = FACE_BOUND('',#245,.F.);
#245 = EDGE_LOOP('',(#246));
#246 = ORIENTED_EDGE('',*,*,#247,.F.);
#247 = EDGE_CURVE('',#248,#248,#250,.T.);
#248 = VERTEX_POINT('',#249);
#249 = CARTESIAN_POINT('',(114.25,-112.5,0.));
#250 = CIRCLE('',#251,1.25);
#251 = AXIS2_PLACEMENT_3D('',#252,#253,#254);
#252 = CARTESIAN_POINT('',(113.,-112.5,0.));
#253 = DIRECTION('',(0.,0.,1.));
#254 = DIRECTION('',(1.,0.,-0.));
#255 = FACE_BOUND('',#256,.F.);
#256 = EDGE_LOOP('',(#257));
#257 = ORIENTED_EDGE('',*,*,#258,.T.);
#258 = EDGE_CURVE('',#259,#259,#261,.T.);
#259 = VERTEX_POINT('',#260);
#260 = CARTESIAN_POINT('',(123.53,-108.945,0.));
#261 = CIRCLE('',#262,0.595);
#262 = AXIS2_PLACEMENT_3D('',#263,#264,#265);
#263 = CARTESIAN_POINT('',(123.53,-108.35,0.));
#264 = DIRECTION('',(-0.,0.,-1.));
#265 = DIRECTION('',(-0.,-1.,0.));
#266 = FACE_BOUND('',#267,.F.);
#267 = EDGE_LOOP('',(#268));
#268 = ORIENTED_EDGE('',*,*,#269,.T.);
#269 = EDGE_CURVE('',#270,#270,#272,.T.);
#270 = VERTEX_POINT('',#271);
#271 = CARTESIAN_POINT('',(116.9735,-106.802,0.));
#272 = CIRCLE('',#273,0.152);
#273 = AXIS2_PLACEMENT_3D('',#274,#275,#276);
#274 = CARTESIAN_POINT('',(116.9735,-106.65,0.));
#275 = DIRECTION('',(-0.,0.,-1.));
#276 = DIRECTION('',(-0.,-1.,0.));
#277 = FACE_BOUND('',#278,.F.);
#278 = EDGE_LOOP('',(#279));
#279 = ORIENTED_EDGE('',*,*,#280,.T.);
#280 = EDGE_CURVE('',#281,#281,#283,.T.);
#281 = VERTEX_POINT('',#282);
#282 = CARTESIAN_POINT('',(117.9735,-106.802,0.));
#283 = CIRCLE('',#284,0.152);
#284 = AXIS2_PLACEMENT_3D('',#285,#286,#287);
#285 = CARTESIAN_POINT('',(117.9735,-106.65,0.));
#286 = DIRECTION('',(-0.,0.,-1.));
#287 = DIRECTION('',(-0.,-1.,0.));
#288 = FACE_BOUND('',#289,.F.);
#289 = EDGE_LOOP('',(#290));
#290 = ORIENTED_EDGE('',*,*,#291,.T.);
#291 = EDGE_CURVE('',#292,#292,#294,.T.);
#292 = VERTEX_POINT('',#293);
#293 = CARTESIAN_POINT('',(116.9735,-105.802,0.));
#294 = CIRCLE('',#295,0.152);
#295 = AXIS2_PLACEMENT_3D('',#296,#297,#298);
#296 = CARTESIAN_POINT('',(116.9735,-105.65,0.));
#297 = DIRECTION('',(-0.,0.,-1.));
#298 = DIRECTION('',(-0.,-1.,0.));
#299 = FACE_BOUND('',#300,.F.);
#300 = EDGE_LOOP('',(#301));
#301 = ORIENTED_EDGE('',*,*,#302,.T.);
#302 = EDGE_CURVE('',#303,#303,#305,.T.);
#303 = VERTEX_POINT('',#304);
#304 = CARTESIAN_POINT('',(117.9735,-105.802,0.));
#305 = CIRCLE('',#306,0.152);
#306 = AXIS2_PLACEMENT_3D('',#307,#308,#309);
#307 = CARTESIAN_POINT('',(117.9735,-105.65,0.));
#308 = DIRECTION('',(-0.,0.,-1.));
#309 = DIRECTION('',(-0.,-1.,0.));
#310 = FACE_BOUND('',#311,.F.);
#311 = EDGE_LOOP('',(#312));
#312 = ORIENTED_EDGE('',*,*,#313,.T.);
#313 = EDGE_CURVE('',#314,#314,#316,.T.);
#314 = VERTEX_POINT('',#315);
#315 = CARTESIAN_POINT('',(123.53,-106.405,0.));
#316 = CIRCLE('',#317,0.595);
#317 = AXIS2_PLACEMENT_3D('',#318,#319,#320);
#318 = CARTESIAN_POINT('',(123.53,-105.81,0.));
#319 = DIRECTION('',(-0.,0.,-1.));
#320 = DIRECTION('',(-0.,-1.,0.));
#321 = FACE_BOUND('',#322,.F.);
#322 = EDGE_LOOP('',(#323));
#323 = ORIENTED_EDGE('',*,*,#324,.T.);
#324 = EDGE_CURVE('',#325,#325,#327,.T.);
#325 = VERTEX_POINT('',#326);
#326 = CARTESIAN_POINT('',(136.53,-108.945,0.));
#327 = CIRCLE('',#328,0.595);
#328 = AXIS2_PLACEMENT_3D('',#329,#330,#331);
#329 = CARTESIAN_POINT('',(136.53,-108.35,0.));
#330 = DIRECTION('',(-0.,0.,-1.));
#331 = DIRECTION('',(-0.,-1.,0.));
#332 = FACE_BOUND('',#333,.F.);
#333 = EDGE_LOOP('',(#334));
#334 = ORIENTED_EDGE('',*,*,#335,.T.);
#335 = EDGE_CURVE('',#336,#336,#338,.T.);
#336 = VERTEX_POINT('',#337);
#337 = CARTESIAN_POINT('',(129.9735,-106.802,0.));
#338 = CIRCLE('',#339,0.152);
#339 = AXIS2_PLACEMENT_3D('',#340,#341,#342);
#340 = CARTESIAN_POINT('',(129.9735,-106.65,0.));
#341 = DIRECTION('',(-0.,0.,-1.));
#342 = DIRECTION('',(-0.,-1.,0.));
#343 = FACE_BOUND('',#344,.F.);
#344 = EDGE_LOOP('',(#345));
#345 = ORIENTED_EDGE('',*,*,#346,.T.);
#346 = EDGE_CURVE('',#347,#347,#349,.T.);
#347 = VERTEX_POINT('',#348);
#348 = CARTESIAN_POINT('',(129.9735,-105.802,0.));
#349 = CIRCLE('',#350,0.152);
#350 = AXIS2_PLACEMENT_3D('',#351,#352,#353);
#351 = CARTESIAN_POINT('',(129.9735,-105.65,0.));
#352 = DIRECTION('',(-0.,0.,-1.));
#353 = DIRECTION('',(-0.,-1.,0.));
#354 = FACE_BOUND('',#355,.F.);
#355 = EDGE_LOOP('',(#356));
#356 = ORIENTED_EDGE('',*,*,#357,.T.);
#357 = EDGE_CURVE('',#358,#358,#360,.T.);
#358 = VERTEX_POINT('',#359);
#359 = CARTESIAN_POINT('',(130.9735,-106.802,0.));
#360 = CIRCLE('',#361,0.152);
#361 = AXIS2_PLACEMENT_3D('',#362,#363,#364);
#362 = CARTESIAN_POINT('',(130.9735,-106.65,0.));
#363 = DIRECTION('',(-0.,0.,-1.));
#364 = DIRECTION('',(-0.,-1.,0.));
#365 = FACE_BOUND('',#366,.F.);
#366 = EDGE_LOOP('',(#367));
#367 = ORIENTED_EDGE('',*,*,#368,.T.);
#368 = EDGE_CURVE('',#369,#369,#371,.T.);
#369 = VERTEX_POINT('',#370);
#370 = CARTESIAN_POINT('',(130.9735,-105.802,0.));
#371 = CIRCLE('',#372,0.152);
#372 = AXIS2_PLACEMENT_3D('',#373,#374,#375);
#373 = CARTESIAN_POINT('',(130.9735,-105.65,0.));
#374 = DIRECTION('',(-0.,0.,-1.));
#375 = DIRECTION('',(-0.,-1.,0.));
#376 = FACE_BOUND('',#377,.F.);
#377 = EDGE_LOOP('',(#378));
#378 = ORIENTED_EDGE('',*,*,#379,.T.);
#379 = EDGE_CURVE('',#380,#380,#382,.T.);
#380 = VERTEX_POINT('',#381);
#381 = CARTESIAN_POINT('',(136.53,-106.405,0.));
#382 = CIRCLE('',#383,0.595);
#383 = AXIS2_PLACEMENT_3D('',#384,#385,#386);
#384 = CARTESIAN_POINT('',(136.53,-105.81,0.));
#385 = DIRECTION('',(-0.,0.,-1.));
#386 = DIRECTION('',(-0.,-1.,0.));
#387 = FACE_BOUND('',#388,.F.);
#388 = EDGE_LOOP('',(#389,#400,#408,#417));
#389 = ORIENTED_EDGE('',*,*,#390,.T.);
#390 = EDGE_CURVE('',#391,#393,#395,.T.);
#391 = VERTEX_POINT('',#392);
#392 = CARTESIAN_POINT('',(116.9,-93.3635,0.));
#393 = VERTEX_POINT('',#394);
#394 = CARTESIAN_POINT('',(118.1,-93.3635,0.));
#395 = CIRCLE('',#396,0.6);
#396 = AXIS2_PLACEMENT_3D('',#397,#398,#399);
#397 = CARTESIAN_POINT('',(117.5,-93.3635,0.));
#398 = DIRECTION('',(0.,-0.,-1.));
#399 = DIRECTION('',(1.,-2.368475785867E-14,0.));
#400 = ORIENTED_EDGE('',*,*,#401,.T.);
#401 = EDGE_CURVE('',#393,#402,#404,.T.);
#402 = VERTEX_POINT('',#403);
#403 = CARTESIAN_POINT('',(118.1,-95.8635,0.));
#404 = LINE('',#405,#406);
#405 = CARTESIAN_POINT('',(118.1,-47.93175,0.));
#406 = VECTOR('',#407,1.);
#407 = DIRECTION('',(0.,-1.,0.));
#408 = ORIENTED_EDGE('',*,*,#409,.T.);
#409 = EDGE_CURVE('',#402,#410,#412,.T.);
#410 = VERTEX_POINT('',#411);
#411 = CARTESIAN_POINT('',(116.9,-95.8635,0.));
#412 = CIRCLE('',#413,0.6);
#413 = AXIS2_PLACEMENT_3D('',#414,#415,#416);
#414 = CARTESIAN_POINT('',(117.5,-95.8635,0.));
#415 = DIRECTION('',(-0.,0.,-1.));
#416 = DIRECTION('',(-1.,0.,0.));
#417 = ORIENTED_EDGE('',*,*,#418,.T.);
#418 = EDGE_CURVE('',#410,#391,#419,.T.);
#419 = LINE('',#420,#421);
#420 = CARTESIAN_POINT('',(116.9,-46.68175,0.));
#421 = VECTOR('',#422,1.);
#422 = DIRECTION('',(-0.,1.,0.));
#423 = FACE_BOUND('',#424,.F.);
#424 = EDGE_LOOP('',(#425,#436,#444,#453));
#425 = ORIENTED_EDGE('',*,*,#426,.T.);
#426 = EDGE_CURVE('',#427,#429,#431,.T.);
#427 = VERTEX_POINT('',#428);
#428 = CARTESIAN_POINT('',(119.25,-99.9135,0.));
#429 = VERTEX_POINT('',#430);
#430 = CARTESIAN_POINT('',(119.25,-98.7135,0.));
#431 = CIRCLE('',#432,0.6);
#432 = AXIS2_PLACEMENT_3D('',#433,#434,#435);
#433 = CARTESIAN_POINT('',(119.25,-99.3135,0.));
#434 = DIRECTION('',(-0.,0.,-1.));
#435 = DIRECTION('',(-2.368475785867E-14,1.,0.));
#436 = ORIENTED_EDGE('',*,*,#437,.T.);
#437 = EDGE_CURVE('',#429,#438,#440,.T.);
#438 = VERTEX_POINT('',#439);
#439 = CARTESIAN_POINT('',(121.75,-98.7135,0.));
#440 = LINE('',#441,#442);
#441 = CARTESIAN_POINT('',(60.875,-98.7135,0.));
#442 = VECTOR('',#443,1.);
#443 = DIRECTION('',(1.,0.,-0.));
#444 = ORIENTED_EDGE('',*,*,#445,.T.);
#445 = EDGE_CURVE('',#438,#446,#448,.T.);
#446 = VERTEX_POINT('',#447);
#447 = CARTESIAN_POINT('',(121.75,-99.9135,0.));
#448 = CIRCLE('',#449,0.6);
#449 = AXIS2_PLACEMENT_3D('',#450,#451,#452);
#450 = CARTESIAN_POINT('',(121.75,-99.3135,0.));
#451 = DIRECTION('',(-0.,0.,-1.));
#452 = DIRECTION('',(2.368475785867E-14,-1.,-0.));
#453 = ORIENTED_EDGE('',*,*,#454,.T.);
#454 = EDGE_CURVE('',#446,#427,#455,.T.);
#455 = LINE('',#456,#457);
#456 = CARTESIAN_POINT('',(59.625,-99.9135,0.));
#457 = VECTOR('',#458,1.);
#458 = DIRECTION('',(-1.,0.,0.));
#459 = FACE_BOUND('',#460,.F.);
#460 = EDGE_LOOP('',(#461,#472,#480,#489));
#461 = ORIENTED_EDGE('',*,*,#462,.T.);
#462 = EDGE_CURVE('',#463,#465,#467,.T.);
#463 = VERTEX_POINT('',#464);
#464 = CARTESIAN_POINT('',(124.1,-95.8635,0.));
#465 = VERTEX_POINT('',#466);
#466 = CARTESIAN_POINT('',(122.9,-95.8635,0.));
#467 = CIRCLE('',#468,0.6);
#468 = AXIS2_PLACEMENT_3D('',#469,#470,#471);
#469 = CARTESIAN_POINT('',(123.5,-95.8635,0.));
#470 = DIRECTION('',(-0.,0.,-1.));
#471 = DIRECTION('',(-1.,0.,0.));
#472 = ORIENTED_EDGE('',*,*,#473,.T.);
#473 = EDGE_CURVE('',#465,#474,#476,.T.);
#474 = VERTEX_POINT('',#475);
#475 = CARTESIAN_POINT('',(122.9,-93.3635,0.));
#476 = LINE('',#477,#478);
#477 = CARTESIAN_POINT('',(122.9,-46.68175,0.));
#478 = VECTOR('',#479,1.);
#479 = DIRECTION('',(-0.,1.,0.));
#480 = ORIENTED_EDGE('',*,*,#481,.T.);
#481 = EDGE_CURVE('',#474,#482,#484,.T.);
#482 = VERTEX_POINT('',#483);
#483 = CARTESIAN_POINT('',(124.1,-93.3635,0.));
#484 = CIRCLE('',#485,0.6);
#485 = AXIS2_PLACEMENT_3D('',#486,#487,#488);
#486 = CARTESIAN_POINT('',(123.5,-93.3635,0.));
#487 = DIRECTION('',(0.,-0.,-1.));
#488 = DIRECTION('',(1.,-2.368475785867E-14,0.));
#489 = ORIENTED_EDGE('',*,*,#490,.T.);
#490 = EDGE_CURVE('',#482,#463,#491,.T.);
#491 = LINE('',#492,#493);
#492 = CARTESIAN_POINT('',(124.1,-47.93175,0.));
#493 = VECTOR('',#494,1.);
#494 = DIRECTION('',(0.,-1.,0.));
#495 = FACE_BOUND('',#496,.F.);
#496 = EDGE_LOOP('',(#497));
#497 = ORIENTED_EDGE('',*,*,#498,.T.);
#498 = EDGE_CURVE('',#499,#499,#501,.T.);
#499 = VERTEX_POINT('',#500);
#500 = CARTESIAN_POINT('',(149.53,-108.945,0.));
#501 = CIRCLE('',#502,0.595);
#502 = AXIS2_PLACEMENT_3D('',#503,#504,#505);
#503 = CARTESIAN_POINT('',(149.53,-108.35,0.));
#504 = DIRECTION('',(-0.,0.,-1.));
#505 = DIRECTION('',(-0.,-1.,0.));
#506 = FACE_BOUND('',#507,.F.);
#507 = EDGE_LOOP('',(#508));
#508 = ORIENTED_EDGE('',*,*,#509,.T.);
#509 = EDGE_CURVE('',#510,#510,#512,.T.);
#510 = VERTEX_POINT('',#511);
#511 = CARTESIAN_POINT('',(142.9735,-106.802,0.));
#512 = CIRCLE('',#513,0.152);
#513 = AXIS2_PLACEMENT_3D('',#514,#515,#516);
#514 = CARTESIAN_POINT('',(142.9735,-106.65,0.));
#515 = DIRECTION('',(-0.,0.,-1.));
#516 = DIRECTION('',(-0.,-1.,0.));
#517 = FACE_BOUND('',#518,.F.);
#518 = EDGE_LOOP('',(#519));
#519 = ORIENTED_EDGE('',*,*,#520,.T.);
#520 = EDGE_CURVE('',#521,#521,#523,.T.);
#521 = VERTEX_POINT('',#522);
#522 = CARTESIAN_POINT('',(143.9735,-106.802,0.));
#523 = CIRCLE('',#524,0.152);
#524 = AXIS2_PLACEMENT_3D('',#525,#526,#527);
#525 = CARTESIAN_POINT('',(143.9735,-106.65,0.));
#526 = DIRECTION('',(-0.,0.,-1.));
#527 = DIRECTION('',(-0.,-1.,0.));
#528 = FACE_BOUND('',#529,.F.);
#529 = EDGE_LOOP('',(#530));
#530 = ORIENTED_EDGE('',*,*,#531,.T.);
#531 = EDGE_CURVE('',#532,#532,#534,.T.);
#532 = VERTEX_POINT('',#533);
#533 = CARTESIAN_POINT('',(142.9735,-105.802,0.));
#534 = CIRCLE('',#535,0.152);
#535 = AXIS2_PLACEMENT_3D('',#536,#537,#538);
#536 = CARTESIAN_POINT('',(142.9735,-105.65,0.));
#537 = DIRECTION('',(-0.,0.,-1.));
#538 = DIRECTION('',(-0.,-1.,0.));
#539 = FACE_BOUND('',#540,.F.);
#540 = EDGE_LOOP('',(#541));
#541 = ORIENTED_EDGE('',*,*,#542,.T.);
#542 = EDGE_CURVE('',#543,#543,#545,.T.);
#543 = VERTEX_POINT('',#544);
#544 = CARTESIAN_POINT('',(143.9735,-105.802,0.));
#545 = CIRCLE('',#546,0.152);
#546 = AXIS2_PLACEMENT_3D('',#547,#548,#549);
#547 = CARTESIAN_POINT('',(143.9735,-105.65,0.));
#548 = DIRECTION('',(-0.,0.,-1.));
#549 = DIRECTION('',(-0.,-1.,0.));
#550 = FACE_BOUND('',#551,.F.);
#551 = EDGE_LOOP('',(#552));
#552 = ORIENTED_EDGE('',*,*,#553,.T.);
#553 = EDGE_CURVE('',#554,#554,#556,.T.);
#554 = VERTEX_POINT('',#555);
#555 = CARTESIAN_POINT('',(149.53,-106.405,0.));
#556 = CIRCLE('',#557,0.595);
#557 = AXIS2_PLACEMENT_3D('',#558,#559,#560);
#558 = CARTESIAN_POINT('',(149.53,-105.81,0.));
#559 = DIRECTION('',(-0.,0.,-1.));
#560 = DIRECTION('',(-0.,-1.,0.));
#561 = FACE_BOUND('',#562,.F.);
#562 = EDGE_LOOP('',(#563,#574,#582,#591));
#563 = ORIENTED_EDGE('',*,*,#564,.F.);
#564 = EDGE_CURVE('',#565,#567,#569,.T.);
#565 = VERTEX_POINT('',#566);
#566 = CARTESIAN_POINT('',(155.5,-97.,0.));
#567 = VERTEX_POINT('',#568);
#568 = CARTESIAN_POINT('',(153.5,-97.,0.));
#569 = CIRCLE('',#570,1.);
#570 = AXIS2_PLACEMENT_3D('',#571,#572,#573);
#571 = CARTESIAN_POINT('',(154.5,-97.,0.));
#572 = DIRECTION('',(0.,0.,1.));
#573 = DIRECTION('',(1.,0.,-0.));
#574 = ORIENTED_EDGE('',*,*,#575,.F.);
#575 = EDGE_CURVE('',#576,#565,#578,.T.);
#576 = VERTEX_POINT('',#577);
#577 = CARTESIAN_POINT('',(155.5,-112.,0.));
#578 = LINE('',#579,#580);
#579 = CARTESIAN_POINT('',(155.5,-112.,0.));
#580 = VECTOR('',#581,1.);
#581 = DIRECTION('',(0.,1.,0.));
#582 = ORIENTED_EDGE('',*,*,#583,.F.);
#583 = EDGE_CURVE('',#584,#576,#586,.T.);
#584 = VERTEX_POINT('',#585);
#585 = CARTESIAN_POINT('',(153.5,-112.,0.));
#586 = CIRCLE('',#587,1.);
#587 = AXIS2_PLACEMENT_3D('',#588,#589,#590);
#588 = CARTESIAN_POINT('',(154.5,-112.,0.));
#589 = DIRECTION('',(0.,0.,1.));
#590 = DIRECTION('',(-1.,0.,-0.));
#591 = ORIENTED_EDGE('',*,*,#592,.F.);
#592 = EDGE_CURVE('',#567,#584,#593,.T.);
#593 = LINE('',#594,#595);
#594 = CARTESIAN_POINT('',(153.5,-97.,0.));
#595 = VECTOR('',#596,1.);
#596 = DIRECTION('',(0.,-1.,0.));
#597 = FACE_BOUND('',#598,.F.);
#598 = EDGE_LOOP('',(#599));
#599 = ORIENTED_EDGE('',*,*,#600,.T.);
#600 = EDGE_CURVE('',#601,#601,#603,.T.);
#601 = VERTEX_POINT('',#602);
#602 = CARTESIAN_POINT('',(162.53,-108.945,0.));
#603 = CIRCLE('',#604,0.595);
#604 = AXIS2_PLACEMENT_3D('',#605,#606,#607);
#605 = CARTESIAN_POINT('',(162.53,-108.35,0.));
#606 = DIRECTION('',(-0.,0.,-1.));
#607 = DIRECTION('',(-0.,-1.,0.));
#608 = FACE_BOUND('',#609,.F.);
#609 = EDGE_LOOP('',(#610));
#610 = ORIENTED_EDGE('',*,*,#611,.F.);
#611 = EDGE_CURVE('',#612,#612,#614,.T.);
#612 = VERTEX_POINT('',#613);
#613 = CARTESIAN_POINT('',(172.25,-112.5,0.));
#614 = CIRCLE('',#615,1.25);
#615 = AXIS2_PLACEMENT_3D('',#616,#617,#618);
#616 = CARTESIAN_POINT('',(171.,-112.5,0.));
#617 = DIRECTION('',(0.,0.,1.));
#618 = DIRECTION('',(1.,0.,-0.));
#619 = FACE_BOUND('',#620,.F.);
#620 = EDGE_LOOP('',(#621));
#621 = ORIENTED_EDGE('',*,*,#622,.T.);
#622 = EDGE_CURVE('',#623,#623,#625,.T.);
#623 = VERTEX_POINT('',#624);
#624 = CARTESIAN_POINT('',(162.53,-106.405,0.));
#625 = CIRCLE('',#626,0.595);
#626 = AXIS2_PLACEMENT_3D('',#627,#628,#629);
#627 = CARTESIAN_POINT('',(162.53,-105.81,0.));
#628 = DIRECTION('',(-0.,0.,-1.));
#629 = DIRECTION('',(-0.,-1.,0.));
#630 = FACE_BOUND('',#631,.F.);
#631 = EDGE_LOOP('',(#632));
#632 = ORIENTED_EDGE('',*,*,#633,.T.);
#633 = EDGE_CURVE('',#634,#634,#636,.T.);
#634 = VERTEX_POINT('',#635);
#635 = CARTESIAN_POINT('',(158.6735,-100.677,0.));
#636 = CIRCLE('',#637,0.152);
#637 = AXIS2_PLACEMENT_3D('',#638,#639,#640);
#638 = CARTESIAN_POINT('',(158.6735,-100.525,0.));
#639 = DIRECTION('',(-0.,0.,-1.));
#640 = DIRECTION('',(-0.,-1.,0.));
#641 = FACE_BOUND('',#642,.F.);
#642 = EDGE_LOOP('',(#643));
#643 = ORIENTED_EDGE('',*,*,#644,.T.);
#644 = EDGE_CURVE('',#645,#645,#647,.T.);
#645 = VERTEX_POINT('',#646);
#646 = CARTESIAN_POINT('',(158.6735,-99.677,0.));
#647 = CIRCLE('',#648,0.152);
#648 = AXIS2_PLACEMENT_3D('',#649,#650,#651);
#649 = CARTESIAN_POINT('',(158.6735,-99.525,0.));
#650 = DIRECTION('',(-0.,0.,-1.));
#651 = DIRECTION('',(-0.,-1.,0.));
#652 = FACE_BOUND('',#653,.F.);
#653 = EDGE_LOOP('',(#654));
#654 = ORIENTED_EDGE('',*,*,#655,.T.);
#655 = EDGE_CURVE('',#656,#656,#658,.T.);
#656 = VERTEX_POINT('',#657);
#657 = CARTESIAN_POINT('',(159.6735,-100.677,0.));
#658 = CIRCLE('',#659,0.152);
#659 = AXIS2_PLACEMENT_3D('',#660,#661,#662);
#660 = CARTESIAN_POINT('',(159.6735,-100.525,0.));
#661 = DIRECTION('',(-0.,0.,-1.));
#662 = DIRECTION('',(-0.,-1.,0.));
#663 = FACE_BOUND('',#664,.F.);
#664 = EDGE_LOOP('',(#665));
#665 = ORIENTED_EDGE('',*,*,#666,.T.);
#666 = EDGE_CURVE('',#667,#667,#669,.T.);
#667 = VERTEX_POINT('',#668);
#668 = CARTESIAN_POINT('',(159.6735,-99.677,0.));
#669 = CIRCLE('',#670,0.152);
#670 = AXIS2_PLACEMENT_3D('',#671,#672,#673);
#671 = CARTESIAN_POINT('',(159.6735,-99.525,0.));
#672 = DIRECTION('',(-0.,0.,-1.));
#673 = DIRECTION('',(-0.,-1.,0.));
#674 = FACE_BOUND('',#675,.F.);
#675 = EDGE_LOOP('',(#676));
#676 = ORIENTED_EDGE('',*,*,#677,.F.);
#677 = EDGE_CURVE('',#678,#678,#680,.T.);
#678 = VERTEX_POINT('',#679);
#679 = CARTESIAN_POINT('',(114.25,-63.5,0.));
#680 = CIRCLE('',#681,1.25);
#681 = AXIS2_PLACEMENT_3D('',#682,#683,#684);
#682 = CARTESIAN_POINT('',(113.,-63.5,0.));
#683 = DIRECTION('',(0.,0.,1.));
#684 = DIRECTION('',(1.,0.,-0.));
#685 = FACE_BOUND('',#686,.F.);
#686 = EDGE_LOOP('',(#687,#698,#706,#715));
#687 = ORIENTED_EDGE('',*,*,#688,.T.);
#688 = EDGE_CURVE('',#689,#691,#693,.T.);
#689 = VERTEX_POINT('',#690);
#690 = CARTESIAN_POINT('',(168.120315,-79.747881,0.));
#691 = VERTEX_POINT('',#692);
#692 = CARTESIAN_POINT('',(168.730315,-79.747881,0.));
#693 = CIRCLE('',#694,0.305);
#694 = AXIS2_PLACEMENT_3D('',#695,#696,#697);
#695 = CARTESIAN_POINT('',(168.425315,-79.747881,0.));
#696 = DIRECTION('',(0.,-0.,-1.));
#697 = DIRECTION('',(1.,-9.31859325587E-14,0.));
#698 = ORIENTED_EDGE('',*,*,#699,.T.);
#699 = EDGE_CURVE('',#691,#700,#702,.T.);
#700 = VERTEX_POINT('',#701);
#701 = CARTESIAN_POINT('',(168.730315,-80.137881,0.));
#702 = LINE('',#703,#704);
#703 = CARTESIAN_POINT('',(168.730315,-40.0689405,0.));
#704 = VECTOR('',#705,1.);
#705 = DIRECTION('',(0.,-1.,0.));
#706 = ORIENTED_EDGE('',*,*,#707,.T.);
#707 = EDGE_CURVE('',#700,#708,#710,.T.);
#708 = VERTEX_POINT('',#709);
#709 = CARTESIAN_POINT('',(168.120315,-80.137881,0.));
#710 = CIRCLE('',#711,0.305);
#711 = AXIS2_PLACEMENT_3D('',#712,#713,#714);
#712 = CARTESIAN_POINT('',(168.425315,-80.137881,0.));
#713 = DIRECTION('',(-0.,0.,-1.));
#714 = DIRECTION('',(-1.,9.318593255871E-14,0.));
#715 = ORIENTED_EDGE('',*,*,#716,.T.);
#716 = EDGE_CURVE('',#708,#689,#717,.T.);
#717 = LINE('',#718,#719);
#718 = CARTESIAN_POINT('',(168.120315,-39.8739405,0.));
#719 = VECTOR('',#720,1.);
#720 = DIRECTION('',(-0.,1.,0.));
#721 = FACE_BOUND('',#722,.F.);
#722 = EDGE_LOOP('',(#723));
#723 = ORIENTED_EDGE('',*,*,#724,.T.);
#724 = EDGE_CURVE('',#725,#725,#727,.T.);
#725 = VERTEX_POINT('',#726);
#726 = CARTESIAN_POINT('',(170.575315,-81.592881,0.));
#727 = CIRCLE('',#728,0.3);
#728 = AXIS2_PLACEMENT_3D('',#729,#730,#731);
#729 = CARTESIAN_POINT('',(170.575315,-81.292881,0.));
#730 = DIRECTION('',(-0.,0.,-1.));
#731 = DIRECTION('',(-0.,-1.,0.));
#732 = FACE_BOUND('',#733,.F.);
#733 = EDGE_LOOP('',(#734,#745,#753,#762));
#734 = ORIENTED_EDGE('',*,*,#735,.T.);
#735 = EDGE_CURVE('',#736,#738,#740,.T.);
#736 = VERTEX_POINT('',#737);
#737 = CARTESIAN_POINT('',(172.420315,-79.747881,0.));
#738 = VERTEX_POINT('',#739);
#739 = CARTESIAN_POINT('',(173.030315,-79.747881,0.));
#740 = CIRCLE('',#741,0.305);
#741 = AXIS2_PLACEMENT_3D('',#742,#743,#744);
#742 = CARTESIAN_POINT('',(172.725315,-79.747881,0.));
#743 = DIRECTION('',(0.,-0.,-1.));
#744 = DIRECTION('',(1.,0.,-0.));
#745 = ORIENTED_EDGE('',*,*,#746,.T.);
#746 = EDGE_CURVE('',#738,#747,#749,.T.);
#747 = VERTEX_POINT('',#748);
#748 = CARTESIAN_POINT('',(173.030315,-80.137881,0.));
#749 = LINE('',#750,#751);
#750 = CARTESIAN_POINT('',(173.030315,-40.0689405,0.));
#751 = VECTOR('',#752,1.);
#752 = DIRECTION('',(0.,-1.,0.));
#753 = ORIENTED_EDGE('',*,*,#754,.T.);
#754 = EDGE_CURVE('',#747,#755,#757,.T.);
#755 = VERTEX_POINT('',#756);
#756 = CARTESIAN_POINT('',(172.420315,-80.137881,0.));
#757 = CIRCLE('',#758,0.305);
#758 = AXIS2_PLACEMENT_3D('',#759,#760,#761);
#759 = CARTESIAN_POINT('',(172.725315,-80.137881,0.));
#760 = DIRECTION('',(-0.,0.,-1.));
#761 = DIRECTION('',(-1.,0.,0.));
#762 = ORIENTED_EDGE('',*,*,#763,.T.);
#763 = EDGE_CURVE('',#755,#736,#764,.T.);
#764 = LINE('',#765,#766);
#765 = CARTESIAN_POINT('',(172.420315,-39.8739405,0.));
#766 = VECTOR('',#767,1.);
#767 = DIRECTION('',(-0.,1.,0.));
#768 = FACE_BOUND('',#769,.F.);
#769 = EDGE_LOOP('',(#770,#781,#789,#798));
#770 = ORIENTED_EDGE('',*,*,#771,.T.);
#771 = EDGE_CURVE('',#772,#774,#776,.T.);
#772 = VERTEX_POINT('',#773);
#773 = CARTESIAN_POINT('',(168.120315,-74.947881,0.));
#774 = VERTEX_POINT('',#775);
#775 = CARTESIAN_POINT('',(168.730315,-74.947881,0.));
#776 = CIRCLE('',#777,0.305);
#777 = AXIS2_PLACEMENT_3D('',#778,#779,#780);
#778 = CARTESIAN_POINT('',(168.425315,-74.947881,0.));
#779 = DIRECTION('',(0.,-0.,-1.));
#780 = DIRECTION('',(1.,-4.659296627935E-14,0.));
#781 = ORIENTED_EDGE('',*,*,#782,.T.);
#782 = EDGE_CURVE('',#774,#783,#785,.T.);
#783 = VERTEX_POINT('',#784);
#784 = CARTESIAN_POINT('',(168.730315,-75.337881,0.));
#785 = LINE('',#786,#787);
#786 = CARTESIAN_POINT('',(168.730315,-37.6689405,0.));
#787 = VECTOR('',#788,1.);
#788 = DIRECTION('',(0.,-1.,0.));
#789 = ORIENTED_EDGE('',*,*,#790,.T.);
#790 = EDGE_CURVE('',#783,#791,#793,.T.);
#791 = VERTEX_POINT('',#792);
#792 = CARTESIAN_POINT('',(168.120315,-75.337881,0.));
#793 = CIRCLE('',#794,0.305);
#794 = AXIS2_PLACEMENT_3D('',#795,#796,#797);
#795 = CARTESIAN_POINT('',(168.425315,-75.337881,0.));
#796 = DIRECTION('',(-0.,0.,-1.));
#797 = DIRECTION('',(-1.,4.659296627935E-14,0.));
#798 = ORIENTED_EDGE('',*,*,#799,.T.);
#799 = EDGE_CURVE('',#791,#772,#800,.T.);
#800 = LINE('',#801,#802);
#801 = CARTESIAN_POINT('',(168.120315,-37.4739405,0.));
#802 = VECTOR('',#803,1.);
#803 = DIRECTION('',(-0.,1.,0.));
#804 = FACE_BOUND('',#805,.F.);
#805 = EDGE_LOOP('',(#806,#817,#825,#834));
#806 = ORIENTED_EDGE('',*,*,#807,.T.);
#807 = EDGE_CURVE('',#808,#810,#812,.T.);
#808 = VERTEX_POINT('',#809);
#809 = CARTESIAN_POINT('',(172.420315,-74.947881,0.));
#810 = VERTEX_POINT('',#811);
#811 = CARTESIAN_POINT('',(173.030315,-74.947881,0.));
#812 = CIRCLE('',#813,0.305);
#813 = AXIS2_PLACEMENT_3D('',#814,#815,#816);
#814 = CARTESIAN_POINT('',(172.725315,-74.947881,0.));
#815 = DIRECTION('',(0.,-0.,-1.));
#816 = DIRECTION('',(1.,0.,-0.));
#817 = ORIENTED_EDGE('',*,*,#818,.T.);
#818 = EDGE_CURVE('',#810,#819,#821,.T.);
#819 = VERTEX_POINT('',#820);
#820 = CARTESIAN_POINT('',(173.030315,-75.337881,0.));
#821 = LINE('',#822,#823);
#822 = CARTESIAN_POINT('',(173.030315,-37.6689405,0.));
#823 = VECTOR('',#824,1.);
#824 = DIRECTION('',(0.,-1.,0.));
#825 = ORIENTED_EDGE('',*,*,#826,.T.);
#826 = EDGE_CURVE('',#819,#827,#829,.T.);
#827 = VERTEX_POINT('',#828);
#828 = CARTESIAN_POINT('',(172.420315,-75.337881,0.));
#829 = CIRCLE('',#830,0.305);
#830 = AXIS2_PLACEMENT_3D('',#831,#832,#833);
#831 = CARTESIAN_POINT('',(172.725315,-75.337881,0.));
#832 = DIRECTION('',(-0.,0.,-1.));
#833 = DIRECTION('',(-1.,0.,0.));
#834 = ORIENTED_EDGE('',*,*,#835,.T.);
#835 = EDGE_CURVE('',#827,#808,#836,.T.);
#836 = LINE('',#837,#838);
#837 = CARTESIAN_POINT('',(172.420315,-37.4739405,0.));
#838 = VECTOR('',#839,1.);
#839 = DIRECTION('',(-0.,1.,0.));
#840 = FACE_BOUND('',#841,.F.);
#841 = EDGE_LOOP('',(#842));
#842 = ORIENTED_EDGE('',*,*,#843,.T.);
#843 = EDGE_CURVE('',#844,#844,#846,.T.);
#844 = VERTEX_POINT('',#845);
#845 = CARTESIAN_POINT('',(170.575315,-74.092881,0.));
#846 = CIRCLE('',#847,0.3);
#847 = AXIS2_PLACEMENT_3D('',#848,#849,#850);
#848 = CARTESIAN_POINT('',(170.575315,-73.792881,0.));
#849 = DIRECTION('',(-0.,0.,-1.));
#850 = DIRECTION('',(-0.,-1.,0.));
#851 = FACE_BOUND('',#852,.F.);
#852 = EDGE_LOOP('',(#853));
#853 = ORIENTED_EDGE('',*,*,#854,.F.);
#854 = EDGE_CURVE('',#855,#855,#857,.T.);
#855 = VERTEX_POINT('',#856);
#856 = CARTESIAN_POINT('',(172.25,-63.5,0.));
#857 = CIRCLE('',#858,1.25);
#858 = AXIS2_PLACEMENT_3D('',#859,#860,#861);
#859 = CARTESIAN_POINT('',(171.,-63.5,0.));
#860 = DIRECTION('',(0.,0.,1.));
#861 = DIRECTION('',(1.,0.,-0.));
#862 = PLANE('',#863);
#863 = AXIS2_PLACEMENT_3D('',#864,#865,#866);
#864 = CARTESIAN_POINT('',(0.,0.,0.));
#865 = DIRECTION('',(0.,0.,1.));
#866 = DIRECTION('',(1.,0.,-0.));
#867 = ADVANCED_FACE('',(#868,#972,#983,#994,#1005,#1016,#1027,#1038,
    #1049,#1060,#1071,#1082,#1093,#1104,#1115,#1151,#1187,#1223,#1234,
    #1245,#1256,#1267,#1278,#1289,#1325,#1336,#1347,#1358,#1369,#1380,
    #1391,#1402,#1413,#1449,#1460,#1496,#1532,#1568,#1579),#1590,.T.);
#868 = FACE_BOUND('',#869,.T.);
#869 = EDGE_LOOP('',(#870,#871,#872,#881,#889,#897,#906,#914,#922,#930,
    #939,#947,#956,#964,#971));
#870 = ORIENTED_EDGE('',*,*,#49,.F.);
#871 = ORIENTED_EDGE('',*,*,#91,.F.);
#872 = ORIENTED_EDGE('',*,*,#873,.F.);
#873 = EDGE_CURVE('',#874,#84,#876,.T.);
#874 = VERTEX_POINT('',#875);
#875 = CARTESIAN_POINT('',(109.5,-63.,1.566));
#876 = CIRCLE('',#877,3.000001172987);
#877 = AXIS2_PLACEMENT_3D('',#878,#879,#880);
#878 = CARTESIAN_POINT('',(112.50000117298,-63.00000117298,1.566));
#879 = DIRECTION('',(0.,0.,-1.));
#880 = DIRECTION('',(-1.,3.909953663434E-07,0.));
#881 = ORIENTED_EDGE('',*,*,#882,.F.);
#882 = EDGE_CURVE('',#883,#874,#885,.T.);
#883 = VERTEX_POINT('',#884);
#884 = CARTESIAN_POINT('',(109.5,-65.5,1.566));
#885 = LINE('',#886,#887);
#886 = CARTESIAN_POINT('',(109.5,-65.5,1.566));
#887 = VECTOR('',#888,1.);
#888 = DIRECTION('',(0.,1.,0.));
#889 = ORIENTED_EDGE('',*,*,#890,.F.);
#890 = EDGE_CURVE('',#891,#883,#893,.T.);
#891 = VERTEX_POINT('',#892);
#892 = CARTESIAN_POINT('',(109.495932,-65.5,1.566));
#893 = LINE('',#894,#895);
#894 = CARTESIAN_POINT('',(109.495932,-65.5,1.566));
#895 = VECTOR('',#896,1.);
#896 = DIRECTION('',(1.,0.,0.));
#897 = ORIENTED_EDGE('',*,*,#898,.F.);
#898 = EDGE_CURVE('',#899,#891,#901,.T.);
#899 = VERTEX_POINT('',#900);
#900 = CARTESIAN_POINT('',(109.8,-66.2,1.566));
#901 = CIRCLE('',#902,0.957773968736);
#902 = AXIS2_PLACEMENT_3D('',#903,#904,#905);
#903 = CARTESIAN_POINT('',(110.45370596873,-65.50000037026,1.566));
#904 = DIRECTION('',(0.,0.,-1.));
#905 = DIRECTION('',(-0.68252634763,-0.730860988692,-0.));
#906 = ORIENTED_EDGE('',*,*,#907,.F.);
#907 = EDGE_CURVE('',#908,#899,#910,.T.);
#908 = VERTEX_POINT('',#909);
#909 = CARTESIAN_POINT('',(116.,-69.8,1.566));
#910 = LINE('',#911,#912);
#911 = CARTESIAN_POINT('',(116.,-69.8,1.566));
#912 = VECTOR('',#913,1.);
#913 = DIRECTION('',(-0.86478894661,0.502135517387,0.));
#914 = ORIENTED_EDGE('',*,*,#915,.F.);
#915 = EDGE_CURVE('',#916,#908,#918,.T.);
#916 = VERTEX_POINT('',#917);
#917 = CARTESIAN_POINT('',(116.,-97.2,1.566));
#918 = LINE('',#919,#920);
#919 = CARTESIAN_POINT('',(116.,-97.2,1.566));
#920 = VECTOR('',#921,1.);
#921 = DIRECTION('',(0.,1.,0.));
#922 = ORIENTED_EDGE('',*,*,#923,.F.);
#923 = EDGE_CURVE('',#924,#916,#926,.T.);
#924 = VERTEX_POINT('',#925);
#925 = CARTESIAN_POINT('',(110.07656,-101.1,1.566));
#926 = LINE('',#927,#928);
#927 = CARTESIAN_POINT('',(110.07656,-101.1,1.566));
#928 = VECTOR('',#929,1.);
#929 = DIRECTION('',(0.835222801686,0.549911694315,0.));
#930 = ORIENTED_EDGE('',*,*,#931,.F.);
#931 = EDGE_CURVE('',#932,#924,#934,.T.);
#932 = VERTEX_POINT('',#933);
#933 = CARTESIAN_POINT('',(109.5,-102.232231,1.566));
#934 = CIRCLE('',#935,1.399999129025);
#935 = AXIS2_PLACEMENT_3D('',#936,#937,#938);
#936 = CARTESIAN_POINT('',(110.89999912902,-102.2322303484,1.566));
#937 = DIRECTION('',(0.,0.,-1.));
#938 = DIRECTION('',(-1.,-4.653583171791E-07,-0.));
#939 = ORIENTED_EDGE('',*,*,#940,.F.);
#940 = EDGE_CURVE('',#941,#932,#943,.T.);
#941 = VERTEX_POINT('',#942);
#942 = CARTESIAN_POINT('',(109.5,-113.,1.566));
#943 = LINE('',#944,#945);
#944 = CARTESIAN_POINT('',(109.5,-113.,1.566));
#945 = VECTOR('',#946,1.);
#946 = DIRECTION('',(0.,1.,0.));
#947 = ORIENTED_EDGE('',*,*,#948,.F.);
#948 = EDGE_CURVE('',#949,#941,#951,.T.);
#949 = VERTEX_POINT('',#950);
#950 = CARTESIAN_POINT('',(112.5,-116.,1.566));
#951 = CIRCLE('',#952,3.000001172987);
#952 = AXIS2_PLACEMENT_3D('',#953,#954,#955);
#953 = CARTESIAN_POINT('',(112.50000117298,-112.999998827,1.566));
#954 = DIRECTION('',(0.,0.,-1.));
#955 = DIRECTION('',(-3.909953663434E-07,-1.,-0.));
#956 = ORIENTED_EDGE('',*,*,#957,.F.);
#957 = EDGE_CURVE('',#958,#949,#960,.T.);
#958 = VERTEX_POINT('',#959);
#959 = CARTESIAN_POINT('',(171.5,-116.,1.566));
#960 = LINE('',#961,#962);
#961 = CARTESIAN_POINT('',(171.5,-116.,1.566));
#962 = VECTOR('',#963,1.);
#963 = DIRECTION('',(-1.,0.,0.));
#964 = ORIENTED_EDGE('',*,*,#965,.F.);
#965 = EDGE_CURVE('',#114,#958,#966,.T.);
#966 = CIRCLE('',#967,3.000001172987);
#967 = AXIS2_PLACEMENT_3D('',#968,#969,#970);
#968 = CARTESIAN_POINT('',(171.49999882701,-112.999998827,1.566));
#969 = DIRECTION('',(0.,0.,-1.));
#970 = DIRECTION('',(1.,-3.909953663434E-07,0.));
#971 = ORIENTED_EDGE('',*,*,#113,.F.);
#972 = FACE_BOUND('',#973,.T.);
#973 = EDGE_LOOP('',(#974));
#974 = ORIENTED_EDGE('',*,*,#975,.F.);
#975 = EDGE_CURVE('',#976,#976,#978,.T.);
#976 = VERTEX_POINT('',#977);
#977 = CARTESIAN_POINT('',(114.25,-112.5,1.566));
#978 = CIRCLE('',#979,1.25);
#979 = AXIS2_PLACEMENT_3D('',#980,#981,#982);
#980 = CARTESIAN_POINT('',(113.,-112.5,1.566));
#981 = DIRECTION('',(0.,0.,1.));
#982 = DIRECTION('',(1.,0.,-0.));
#983 = FACE_BOUND('',#984,.T.);
#984 = EDGE_LOOP('',(#985));
#985 = ORIENTED_EDGE('',*,*,#986,.T.);
#986 = EDGE_CURVE('',#987,#987,#989,.T.);
#987 = VERTEX_POINT('',#988);
#988 = CARTESIAN_POINT('',(123.53,-108.945,1.566));
#989 = CIRCLE('',#990,0.595);
#990 = AXIS2_PLACEMENT_3D('',#991,#992,#993);
#991 = CARTESIAN_POINT('',(123.53,-108.35,1.566));
#992 = DIRECTION('',(-0.,0.,-1.));
#993 = DIRECTION('',(-0.,-1.,0.));
#994 = FACE_BOUND('',#995,.T.);
#995 = EDGE_LOOP('',(#996));
#996 = ORIENTED_EDGE('',*,*,#997,.T.);
#997 = EDGE_CURVE('',#998,#998,#1000,.T.);
#998 = VERTEX_POINT('',#999);
#999 = CARTESIAN_POINT('',(116.9735,-106.802,1.566));
#1000 = CIRCLE('',#1001,0.152);
#1001 = AXIS2_PLACEMENT_3D('',#1002,#1003,#1004);
#1002 = CARTESIAN_POINT('',(116.9735,-106.65,1.566));
#1003 = DIRECTION('',(-0.,0.,-1.));
#1004 = DIRECTION('',(-0.,-1.,0.));
#1005 = FACE_BOUND('',#1006,.T.);
#1006 = EDGE_LOOP('',(#1007));
#1007 = ORIENTED_EDGE('',*,*,#1008,.T.);
#1008 = EDGE_CURVE('',#1009,#1009,#1011,.T.);
#1009 = VERTEX_POINT('',#1010);
#1010 = CARTESIAN_POINT('',(117.9735,-106.802,1.566));
#1011 = CIRCLE('',#1012,0.152);
#1012 = AXIS2_PLACEMENT_3D('',#1013,#1014,#1015);
#1013 = CARTESIAN_POINT('',(117.9735,-106.65,1.566));
#1014 = DIRECTION('',(-0.,0.,-1.));
#1015 = DIRECTION('',(-0.,-1.,0.));
#1016 = FACE_BOUND('',#1017,.T.);
#1017 = EDGE_LOOP('',(#1018));
#1018 = ORIENTED_EDGE('',*,*,#1019,.T.);
#1019 = EDGE_CURVE('',#1020,#1020,#1022,.T.);
#1020 = VERTEX_POINT('',#1021);
#1021 = CARTESIAN_POINT('',(116.9735,-105.802,1.566));
#1022 = CIRCLE('',#1023,0.152);
#1023 = AXIS2_PLACEMENT_3D('',#1024,#1025,#1026);
#1024 = CARTESIAN_POINT('',(116.9735,-105.65,1.566));
#1025 = DIRECTION('',(-0.,0.,-1.));
#1026 = DIRECTION('',(-0.,-1.,0.));
#1027 = FACE_BOUND('',#1028,.T.);
#1028 = EDGE_LOOP('',(#1029));
#1029 = ORIENTED_EDGE('',*,*,#1030,.T.);
#1030 = EDGE_CURVE('',#1031,#1031,#1033,.T.);
#1031 = VERTEX_POINT('',#1032);
#1032 = CARTESIAN_POINT('',(117.9735,-105.802,1.566));
#1033 = CIRCLE('',#1034,0.152);
#1034 = AXIS2_PLACEMENT_3D('',#1035,#1036,#1037);
#1035 = CARTESIAN_POINT('',(117.9735,-105.65,1.566));
#1036 = DIRECTION('',(-0.,0.,-1.));
#1037 = DIRECTION('',(-0.,-1.,0.));
#1038 = FACE_BOUND('',#1039,.T.);
#1039 = EDGE_LOOP('',(#1040));
#1040 = ORIENTED_EDGE('',*,*,#1041,.T.);
#1041 = EDGE_CURVE('',#1042,#1042,#1044,.T.);
#1042 = VERTEX_POINT('',#1043);
#1043 = CARTESIAN_POINT('',(123.53,-106.405,1.566));
#1044 = CIRCLE('',#1045,0.595);
#1045 = AXIS2_PLACEMENT_3D('',#1046,#1047,#1048);
#1046 = CARTESIAN_POINT('',(123.53,-105.81,1.566));
#1047 = DIRECTION('',(-0.,0.,-1.));
#1048 = DIRECTION('',(-0.,-1.,0.));
#1049 = FACE_BOUND('',#1050,.T.);
#1050 = EDGE_LOOP('',(#1051));
#1051 = ORIENTED_EDGE('',*,*,#1052,.T.);
#1052 = EDGE_CURVE('',#1053,#1053,#1055,.T.);
#1053 = VERTEX_POINT('',#1054);
#1054 = CARTESIAN_POINT('',(136.53,-108.945,1.566));
#1055 = CIRCLE('',#1056,0.595);
#1056 = AXIS2_PLACEMENT_3D('',#1057,#1058,#1059);
#1057 = CARTESIAN_POINT('',(136.53,-108.35,1.566));
#1058 = DIRECTION('',(-0.,0.,-1.));
#1059 = DIRECTION('',(-0.,-1.,0.));
#1060 = FACE_BOUND('',#1061,.T.);
#1061 = EDGE_LOOP('',(#1062));
#1062 = ORIENTED_EDGE('',*,*,#1063,.T.);
#1063 = EDGE_CURVE('',#1064,#1064,#1066,.T.);
#1064 = VERTEX_POINT('',#1065);
#1065 = CARTESIAN_POINT('',(129.9735,-106.802,1.566));
#1066 = CIRCLE('',#1067,0.152);
#1067 = AXIS2_PLACEMENT_3D('',#1068,#1069,#1070);
#1068 = CARTESIAN_POINT('',(129.9735,-106.65,1.566));
#1069 = DIRECTION('',(-0.,0.,-1.));
#1070 = DIRECTION('',(-0.,-1.,0.));
#1071 = FACE_BOUND('',#1072,.T.);
#1072 = EDGE_LOOP('',(#1073));
#1073 = ORIENTED_EDGE('',*,*,#1074,.T.);
#1074 = EDGE_CURVE('',#1075,#1075,#1077,.T.);
#1075 = VERTEX_POINT('',#1076);
#1076 = CARTESIAN_POINT('',(129.9735,-105.802,1.566));
#1077 = CIRCLE('',#1078,0.152);
#1078 = AXIS2_PLACEMENT_3D('',#1079,#1080,#1081);
#1079 = CARTESIAN_POINT('',(129.9735,-105.65,1.566));
#1080 = DIRECTION('',(-0.,0.,-1.));
#1081 = DIRECTION('',(-0.,-1.,0.));
#1082 = FACE_BOUND('',#1083,.T.);
#1083 = EDGE_LOOP('',(#1084));
#1084 = ORIENTED_EDGE('',*,*,#1085,.T.);
#1085 = EDGE_CURVE('',#1086,#1086,#1088,.T.);
#1086 = VERTEX_POINT('',#1087);
#1087 = CARTESIAN_POINT('',(130.9735,-106.802,1.566));
#1088 = CIRCLE('',#1089,0.152);
#1089 = AXIS2_PLACEMENT_3D('',#1090,#1091,#1092);
#1090 = CARTESIAN_POINT('',(130.9735,-106.65,1.566));
#1091 = DIRECTION('',(-0.,0.,-1.));
#1092 = DIRECTION('',(-0.,-1.,0.));
#1093 = FACE_BOUND('',#1094,.T.);
#1094 = EDGE_LOOP('',(#1095));
#1095 = ORIENTED_EDGE('',*,*,#1096,.T.);
#1096 = EDGE_CURVE('',#1097,#1097,#1099,.T.);
#1097 = VERTEX_POINT('',#1098);
#1098 = CARTESIAN_POINT('',(130.9735,-105.802,1.566));
#1099 = CIRCLE('',#1100,0.152);
#1100 = AXIS2_PLACEMENT_3D('',#1101,#1102,#1103);
#1101 = CARTESIAN_POINT('',(130.9735,-105.65,1.566));
#1102 = DIRECTION('',(-0.,0.,-1.));
#1103 = DIRECTION('',(-0.,-1.,0.));
#1104 = FACE_BOUND('',#1105,.T.);
#1105 = EDGE_LOOP('',(#1106));
#1106 = ORIENTED_EDGE('',*,*,#1107,.T.);
#1107 = EDGE_CURVE('',#1108,#1108,#1110,.T.);
#1108 = VERTEX_POINT('',#1109);
#1109 = CARTESIAN_POINT('',(136.53,-106.405,1.566));
#1110 = CIRCLE('',#1111,0.595);
#1111 = AXIS2_PLACEMENT_3D('',#1112,#1113,#1114);
#1112 = CARTESIAN_POINT('',(136.53,-105.81,1.566));
#1113 = DIRECTION('',(-0.,0.,-1.));
#1114 = DIRECTION('',(-0.,-1.,0.));
#1115 = FACE_BOUND('',#1116,.T.);
#1116 = EDGE_LOOP('',(#1117,#1128,#1136,#1145));
#1117 = ORIENTED_EDGE('',*,*,#1118,.T.);
#1118 = EDGE_CURVE('',#1119,#1121,#1123,.T.);
#1119 = VERTEX_POINT('',#1120);
#1120 = CARTESIAN_POINT('',(116.9,-93.3635,1.566));
#1121 = VERTEX_POINT('',#1122);
#1122 = CARTESIAN_POINT('',(118.1,-93.3635,1.566));
#1123 = CIRCLE('',#1124,0.6);
#1124 = AXIS2_PLACEMENT_3D('',#1125,#1126,#1127);
#1125 = CARTESIAN_POINT('',(117.5,-93.3635,1.566));
#1126 = DIRECTION('',(0.,-0.,-1.));
#1127 = DIRECTION('',(1.,-2.368475785867E-14,0.));
#1128 = ORIENTED_EDGE('',*,*,#1129,.T.);
#1129 = EDGE_CURVE('',#1121,#1130,#1132,.T.);
#1130 = VERTEX_POINT('',#1131);
#1131 = CARTESIAN_POINT('',(118.1,-95.8635,1.566));
#1132 = LINE('',#1133,#1134);
#1133 = CARTESIAN_POINT('',(118.1,-47.93175,1.566));
#1134 = VECTOR('',#1135,1.);
#1135 = DIRECTION('',(0.,-1.,0.));
#1136 = ORIENTED_EDGE('',*,*,#1137,.T.);
#1137 = EDGE_CURVE('',#1130,#1138,#1140,.T.);
#1138 = VERTEX_POINT('',#1139);
#1139 = CARTESIAN_POINT('',(116.9,-95.8635,1.566));
#1140 = CIRCLE('',#1141,0.6);
#1141 = AXIS2_PLACEMENT_3D('',#1142,#1143,#1144);
#1142 = CARTESIAN_POINT('',(117.5,-95.8635,1.566));
#1143 = DIRECTION('',(-0.,0.,-1.));
#1144 = DIRECTION('',(-1.,0.,0.));
#1145 = ORIENTED_EDGE('',*,*,#1146,.T.);
#1146 = EDGE_CURVE('',#1138,#1119,#1147,.T.);
#1147 = LINE('',#1148,#1149);
#1148 = CARTESIAN_POINT('',(116.9,-46.68175,1.566));
#1149 = VECTOR('',#1150,1.);
#1150 = DIRECTION('',(-0.,1.,0.));
#1151 = FACE_BOUND('',#1152,.T.);
#1152 = EDGE_LOOP('',(#1153,#1164,#1172,#1181));
#1153 = ORIENTED_EDGE('',*,*,#1154,.T.);
#1154 = EDGE_CURVE('',#1155,#1157,#1159,.T.);
#1155 = VERTEX_POINT('',#1156);
#1156 = CARTESIAN_POINT('',(119.25,-99.9135,1.566));
#1157 = VERTEX_POINT('',#1158);
#1158 = CARTESIAN_POINT('',(119.25,-98.7135,1.566));
#1159 = CIRCLE('',#1160,0.6);
#1160 = AXIS2_PLACEMENT_3D('',#1161,#1162,#1163);
#1161 = CARTESIAN_POINT('',(119.25,-99.3135,1.566));
#1162 = DIRECTION('',(-0.,0.,-1.));
#1163 = DIRECTION('',(-2.368475785867E-14,1.,0.));
#1164 = ORIENTED_EDGE('',*,*,#1165,.T.);
#1165 = EDGE_CURVE('',#1157,#1166,#1168,.T.);
#1166 = VERTEX_POINT('',#1167);
#1167 = CARTESIAN_POINT('',(121.75,-98.7135,1.566));
#1168 = LINE('',#1169,#1170);
#1169 = CARTESIAN_POINT('',(60.875,-98.7135,1.566));
#1170 = VECTOR('',#1171,1.);
#1171 = DIRECTION('',(1.,0.,-0.));
#1172 = ORIENTED_EDGE('',*,*,#1173,.T.);
#1173 = EDGE_CURVE('',#1166,#1174,#1176,.T.);
#1174 = VERTEX_POINT('',#1175);
#1175 = CARTESIAN_POINT('',(121.75,-99.9135,1.566));
#1176 = CIRCLE('',#1177,0.6);
#1177 = AXIS2_PLACEMENT_3D('',#1178,#1179,#1180);
#1178 = CARTESIAN_POINT('',(121.75,-99.3135,1.566));
#1179 = DIRECTION('',(-0.,0.,-1.));
#1180 = DIRECTION('',(2.368475785867E-14,-1.,-0.));
#1181 = ORIENTED_EDGE('',*,*,#1182,.T.);
#1182 = EDGE_CURVE('',#1174,#1155,#1183,.T.);
#1183 = LINE('',#1184,#1185);
#1184 = CARTESIAN_POINT('',(59.625,-99.9135,1.566));
#1185 = VECTOR('',#1186,1.);
#1186 = DIRECTION('',(-1.,0.,0.));
#1187 = FACE_BOUND('',#1188,.T.);
#1188 = EDGE_LOOP('',(#1189,#1200,#1208,#1217));
#1189 = ORIENTED_EDGE('',*,*,#1190,.T.);
#1190 = EDGE_CURVE('',#1191,#1193,#1195,.T.);
#1191 = VERTEX_POINT('',#1192);
#1192 = CARTESIAN_POINT('',(124.1,-95.8635,1.566));
#1193 = VERTEX_POINT('',#1194);
#1194 = CARTESIAN_POINT('',(122.9,-95.8635,1.566));
#1195 = CIRCLE('',#1196,0.6);
#1196 = AXIS2_PLACEMENT_3D('',#1197,#1198,#1199);
#1197 = CARTESIAN_POINT('',(123.5,-95.8635,1.566));
#1198 = DIRECTION('',(-0.,0.,-1.));
#1199 = DIRECTION('',(-1.,0.,0.));
#1200 = ORIENTED_EDGE('',*,*,#1201,.T.);
#1201 = EDGE_CURVE('',#1193,#1202,#1204,.T.);
#1202 = VERTEX_POINT('',#1203);
#1203 = CARTESIAN_POINT('',(122.9,-93.3635,1.566));
#1204 = LINE('',#1205,#1206);
#1205 = CARTESIAN_POINT('',(122.9,-46.68175,1.566));
#1206 = VECTOR('',#1207,1.);
#1207 = DIRECTION('',(-0.,1.,0.));
#1208 = ORIENTED_EDGE('',*,*,#1209,.T.);
#1209 = EDGE_CURVE('',#1202,#1210,#1212,.T.);
#1210 = VERTEX_POINT('',#1211);
#1211 = CARTESIAN_POINT('',(124.1,-93.3635,1.566));
#1212 = CIRCLE('',#1213,0.6);
#1213 = AXIS2_PLACEMENT_3D('',#1214,#1215,#1216);
#1214 = CARTESIAN_POINT('',(123.5,-93.3635,1.566));
#1215 = DIRECTION('',(0.,-0.,-1.));
#1216 = DIRECTION('',(1.,-2.368475785867E-14,0.));
#1217 = ORIENTED_EDGE('',*,*,#1218,.T.);
#1218 = EDGE_CURVE('',#1210,#1191,#1219,.T.);
#1219 = LINE('',#1220,#1221);
#1220 = CARTESIAN_POINT('',(124.1,-47.93175,1.566));
#1221 = VECTOR('',#1222,1.);
#1222 = DIRECTION('',(0.,-1.,0.));
#1223 = FACE_BOUND('',#1224,.T.);
#1224 = EDGE_LOOP('',(#1225));
#1225 = ORIENTED_EDGE('',*,*,#1226,.T.);
#1226 = EDGE_CURVE('',#1227,#1227,#1229,.T.);
#1227 = VERTEX_POINT('',#1228);
#1228 = CARTESIAN_POINT('',(149.53,-108.945,1.566));
#1229 = CIRCLE('',#1230,0.595);
#1230 = AXIS2_PLACEMENT_3D('',#1231,#1232,#1233);
#1231 = CARTESIAN_POINT('',(149.53,-108.35,1.566));
#1232 = DIRECTION('',(-0.,0.,-1.));
#1233 = DIRECTION('',(-0.,-1.,0.));
#1234 = FACE_BOUND('',#1235,.T.);
#1235 = EDGE_LOOP('',(#1236));
#1236 = ORIENTED_EDGE('',*,*,#1237,.T.);
#1237 = EDGE_CURVE('',#1238,#1238,#1240,.T.);
#1238 = VERTEX_POINT('',#1239);
#1239 = CARTESIAN_POINT('',(142.9735,-106.802,1.566));
#1240 = CIRCLE('',#1241,0.152);
#1241 = AXIS2_PLACEMENT_3D('',#1242,#1243,#1244);
#1242 = CARTESIAN_POINT('',(142.9735,-106.65,1.566));
#1243 = DIRECTION('',(-0.,0.,-1.));
#1244 = DIRECTION('',(-0.,-1.,0.));
#1245 = FACE_BOUND('',#1246,.T.);
#1246 = EDGE_LOOP('',(#1247));
#1247 = ORIENTED_EDGE('',*,*,#1248,.T.);
#1248 = EDGE_CURVE('',#1249,#1249,#1251,.T.);
#1249 = VERTEX_POINT('',#1250);
#1250 = CARTESIAN_POINT('',(143.9735,-106.802,1.566));
#1251 = CIRCLE('',#1252,0.152);
#1252 = AXIS2_PLACEMENT_3D('',#1253,#1254,#1255);
#1253 = CARTESIAN_POINT('',(143.9735,-106.65,1.566));
#1254 = DIRECTION('',(-0.,0.,-1.));
#1255 = DIRECTION('',(-0.,-1.,0.));
#1256 = FACE_BOUND('',#1257,.T.);
#1257 = EDGE_LOOP('',(#1258));
#1258 = ORIENTED_EDGE('',*,*,#1259,.T.);
#1259 = EDGE_CURVE('',#1260,#1260,#1262,.T.);
#1260 = VERTEX_POINT('',#1261);
#1261 = CARTESIAN_POINT('',(142.9735,-105.802,1.566));
#1262 = CIRCLE('',#1263,0.152);
#1263 = AXIS2_PLACEMENT_3D('',#1264,#1265,#1266);
#1264 = CARTESIAN_POINT('',(142.9735,-105.65,1.566));
#1265 = DIRECTION('',(-0.,0.,-1.));
#1266 = DIRECTION('',(-0.,-1.,0.));
#1267 = FACE_BOUND('',#1268,.T.);
#1268 = EDGE_LOOP('',(#1269));
#1269 = ORIENTED_EDGE('',*,*,#1270,.T.);
#1270 = EDGE_CURVE('',#1271,#1271,#1273,.T.);
#1271 = VERTEX_POINT('',#1272);
#1272 = CARTESIAN_POINT('',(143.9735,-105.802,1.566));
#1273 = CIRCLE('',#1274,0.152);
#1274 = AXIS2_PLACEMENT_3D('',#1275,#1276,#1277);
#1275 = CARTESIAN_POINT('',(143.9735,-105.65,1.566));
#1276 = DIRECTION('',(-0.,0.,-1.));
#1277 = DIRECTION('',(-0.,-1.,0.));
#1278 = FACE_BOUND('',#1279,.T.);
#1279 = EDGE_LOOP('',(#1280));
#1280 = ORIENTED_EDGE('',*,*,#1281,.T.);
#1281 = EDGE_CURVE('',#1282,#1282,#1284,.T.);
#1282 = VERTEX_POINT('',#1283);
#1283 = CARTESIAN_POINT('',(149.53,-106.405,1.566));
#1284 = CIRCLE('',#1285,0.595);
#1285 = AXIS2_PLACEMENT_3D('',#1286,#1287,#1288);
#1286 = CARTESIAN_POINT('',(149.53,-105.81,1.566));
#1287 = DIRECTION('',(-0.,0.,-1.));
#1288 = DIRECTION('',(-0.,-1.,0.));
#1289 = FACE_BOUND('',#1290,.T.);
#1290 = EDGE_LOOP('',(#1291,#1302,#1310,#1319));
#1291 = ORIENTED_EDGE('',*,*,#1292,.F.);
#1292 = EDGE_CURVE('',#1293,#1295,#1297,.T.);
#1293 = VERTEX_POINT('',#1294);
#1294 = CARTESIAN_POINT('',(155.5,-97.,1.566));
#1295 = VERTEX_POINT('',#1296);
#1296 = CARTESIAN_POINT('',(153.5,-97.,1.566));
#1297 = CIRCLE('',#1298,1.);
#1298 = AXIS2_PLACEMENT_3D('',#1299,#1300,#1301);
#1299 = CARTESIAN_POINT('',(154.5,-97.,1.566));
#1300 = DIRECTION('',(0.,0.,1.));
#1301 = DIRECTION('',(1.,0.,-0.));
#1302 = ORIENTED_EDGE('',*,*,#1303,.F.);
#1303 = EDGE_CURVE('',#1304,#1293,#1306,.T.);
#1304 = VERTEX_POINT('',#1305);
#1305 = CARTESIAN_POINT('',(155.5,-112.,1.566));
#1306 = LINE('',#1307,#1308);
#1307 = CARTESIAN_POINT('',(155.5,-112.,1.566));
#1308 = VECTOR('',#1309,1.);
#1309 = DIRECTION('',(0.,1.,0.));
#1310 = ORIENTED_EDGE('',*,*,#1311,.F.);
#1311 = EDGE_CURVE('',#1312,#1304,#1314,.T.);
#1312 = VERTEX_POINT('',#1313);
#1313 = CARTESIAN_POINT('',(153.5,-112.,1.566));
#1314 = CIRCLE('',#1315,1.);
#1315 = AXIS2_PLACEMENT_3D('',#1316,#1317,#1318);
#1316 = CARTESIAN_POINT('',(154.5,-112.,1.566));
#1317 = DIRECTION('',(0.,0.,1.));
#1318 = DIRECTION('',(-1.,0.,-0.));
#1319 = ORIENTED_EDGE('',*,*,#1320,.F.);
#1320 = EDGE_CURVE('',#1295,#1312,#1321,.T.);
#1321 = LINE('',#1322,#1323);
#1322 = CARTESIAN_POINT('',(153.5,-97.,1.566));
#1323 = VECTOR('',#1324,1.);
#1324 = DIRECTION('',(0.,-1.,0.));
#1325 = FACE_BOUND('',#1326,.T.);
#1326 = EDGE_LOOP('',(#1327));
#1327 = ORIENTED_EDGE('',*,*,#1328,.T.);
#1328 = EDGE_CURVE('',#1329,#1329,#1331,.T.);
#1329 = VERTEX_POINT('',#1330);
#1330 = CARTESIAN_POINT('',(162.53,-108.945,1.566));
#1331 = CIRCLE('',#1332,0.595);
#1332 = AXIS2_PLACEMENT_3D('',#1333,#1334,#1335);
#1333 = CARTESIAN_POINT('',(162.53,-108.35,1.566));
#1334 = DIRECTION('',(-0.,0.,-1.));
#1335 = DIRECTION('',(-0.,-1.,0.));
#1336 = FACE_BOUND('',#1337,.T.);
#1337 = EDGE_LOOP('',(#1338));
#1338 = ORIENTED_EDGE('',*,*,#1339,.F.);
#1339 = EDGE_CURVE('',#1340,#1340,#1342,.T.);
#1340 = VERTEX_POINT('',#1341);
#1341 = CARTESIAN_POINT('',(172.25,-112.5,1.566));
#1342 = CIRCLE('',#1343,1.25);
#1343 = AXIS2_PLACEMENT_3D('',#1344,#1345,#1346);
#1344 = CARTESIAN_POINT('',(171.,-112.5,1.566));
#1345 = DIRECTION('',(0.,0.,1.));
#1346 = DIRECTION('',(1.,0.,-0.));
#1347 = FACE_BOUND('',#1348,.T.);
#1348 = EDGE_LOOP('',(#1349));
#1349 = ORIENTED_EDGE('',*,*,#1350,.T.);
#1350 = EDGE_CURVE('',#1351,#1351,#1353,.T.);
#1351 = VERTEX_POINT('',#1352);
#1352 = CARTESIAN_POINT('',(162.53,-106.405,1.566));
#1353 = CIRCLE('',#1354,0.595);
#1354 = AXIS2_PLACEMENT_3D('',#1355,#1356,#1357);
#1355 = CARTESIAN_POINT('',(162.53,-105.81,1.566));
#1356 = DIRECTION('',(-0.,0.,-1.));
#1357 = DIRECTION('',(-0.,-1.,0.));
#1358 = FACE_BOUND('',#1359,.T.);
#1359 = EDGE_LOOP('',(#1360));
#1360 = ORIENTED_EDGE('',*,*,#1361,.T.);
#1361 = EDGE_CURVE('',#1362,#1362,#1364,.T.);
#1362 = VERTEX_POINT('',#1363);
#1363 = CARTESIAN_POINT('',(158.6735,-100.677,1.566));
#1364 = CIRCLE('',#1365,0.152);
#1365 = AXIS2_PLACEMENT_3D('',#1366,#1367,#1368);
#1366 = CARTESIAN_POINT('',(158.6735,-100.525,1.566));
#1367 = DIRECTION('',(-0.,0.,-1.));
#1368 = DIRECTION('',(-0.,-1.,0.));
#1369 = FACE_BOUND('',#1370,.T.);
#1370 = EDGE_LOOP('',(#1371));
#1371 = ORIENTED_EDGE('',*,*,#1372,.T.);
#1372 = EDGE_CURVE('',#1373,#1373,#1375,.T.);
#1373 = VERTEX_POINT('',#1374);
#1374 = CARTESIAN_POINT('',(158.6735,-99.677,1.566));
#1375 = CIRCLE('',#1376,0.152);
#1376 = AXIS2_PLACEMENT_3D('',#1377,#1378,#1379);
#1377 = CARTESIAN_POINT('',(158.6735,-99.525,1.566));
#1378 = DIRECTION('',(-0.,0.,-1.));
#1379 = DIRECTION('',(-0.,-1.,0.));
#1380 = FACE_BOUND('',#1381,.T.);
#1381 = EDGE_LOOP('',(#1382));
#1382 = ORIENTED_EDGE('',*,*,#1383,.T.);
#1383 = EDGE_CURVE('',#1384,#1384,#1386,.T.);
#1384 = VERTEX_POINT('',#1385);
#1385 = CARTESIAN_POINT('',(159.6735,-100.677,1.566));
#1386 = CIRCLE('',#1387,0.152);
#1387 = AXIS2_PLACEMENT_3D('',#1388,#1389,#1390);
#1388 = CARTESIAN_POINT('',(159.6735,-100.525,1.566));
#1389 = DIRECTION('',(-0.,0.,-1.));
#1390 = DIRECTION('',(-0.,-1.,0.));
#1391 = FACE_BOUND('',#1392,.T.);
#1392 = EDGE_LOOP('',(#1393));
#1393 = ORIENTED_EDGE('',*,*,#1394,.T.);
#1394 = EDGE_CURVE('',#1395,#1395,#1397,.T.);
#1395 = VERTEX_POINT('',#1396);
#1396 = CARTESIAN_POINT('',(159.6735,-99.677,1.566));
#1397 = CIRCLE('',#1398,0.152);
#1398 = AXIS2_PLACEMENT_3D('',#1399,#1400,#1401);
#1399 = CARTESIAN_POINT('',(159.6735,-99.525,1.566));
#1400 = DIRECTION('',(-0.,0.,-1.));
#1401 = DIRECTION('',(-0.,-1.,0.));
#1402 = FACE_BOUND('',#1403,.T.);
#1403 = EDGE_LOOP('',(#1404));
#1404 = ORIENTED_EDGE('',*,*,#1405,.F.);
#1405 = EDGE_CURVE('',#1406,#1406,#1408,.T.);
#1406 = VERTEX_POINT('',#1407);
#1407 = CARTESIAN_POINT('',(114.25,-63.5,1.566));
#1408 = CIRCLE('',#1409,1.25);
#1409 = AXIS2_PLACEMENT_3D('',#1410,#1411,#1412);
#1410 = CARTESIAN_POINT('',(113.,-63.5,1.566));
#1411 = DIRECTION('',(0.,0.,1.));
#1412 = DIRECTION('',(1.,0.,-0.));
#1413 = FACE_BOUND('',#1414,.T.);
#1414 = EDGE_LOOP('',(#1415,#1426,#1434,#1443));
#1415 = ORIENTED_EDGE('',*,*,#1416,.T.);
#1416 = EDGE_CURVE('',#1417,#1419,#1421,.T.);
#1417 = VERTEX_POINT('',#1418);
#1418 = CARTESIAN_POINT('',(168.120315,-79.747881,1.566));
#1419 = VERTEX_POINT('',#1420);
#1420 = CARTESIAN_POINT('',(168.730315,-79.747881,1.566));
#1421 = CIRCLE('',#1422,0.305);
#1422 = AXIS2_PLACEMENT_3D('',#1423,#1424,#1425);
#1423 = CARTESIAN_POINT('',(168.425315,-79.747881,1.566));
#1424 = DIRECTION('',(0.,-0.,-1.));
#1425 = DIRECTION('',(1.,-9.31859325587E-14,0.));
#1426 = ORIENTED_EDGE('',*,*,#1427,.T.);
#1427 = EDGE_CURVE('',#1419,#1428,#1430,.T.);
#1428 = VERTEX_POINT('',#1429);
#1429 = CARTESIAN_POINT('',(168.730315,-80.137881,1.566));
#1430 = LINE('',#1431,#1432);
#1431 = CARTESIAN_POINT('',(168.730315,-40.0689405,1.566));
#1432 = VECTOR('',#1433,1.);
#1433 = DIRECTION('',(0.,-1.,0.));
#1434 = ORIENTED_EDGE('',*,*,#1435,.T.);
#1435 = EDGE_CURVE('',#1428,#1436,#1438,.T.);
#1436 = VERTEX_POINT('',#1437);
#1437 = CARTESIAN_POINT('',(168.120315,-80.137881,1.566));
#1438 = CIRCLE('',#1439,0.305);
#1439 = AXIS2_PLACEMENT_3D('',#1440,#1441,#1442);
#1440 = CARTESIAN_POINT('',(168.425315,-80.137881,1.566));
#1441 = DIRECTION('',(-0.,0.,-1.));
#1442 = DIRECTION('',(-1.,9.318593255871E-14,0.));
#1443 = ORIENTED_EDGE('',*,*,#1444,.T.);
#1444 = EDGE_CURVE('',#1436,#1417,#1445,.T.);
#1445 = LINE('',#1446,#1447);
#1446 = CARTESIAN_POINT('',(168.120315,-39.8739405,1.566));
#1447 = VECTOR('',#1448,1.);
#1448 = DIRECTION('',(-0.,1.,0.));
#1449 = FACE_BOUND('',#1450,.T.);
#1450 = EDGE_LOOP('',(#1451));
#1451 = ORIENTED_EDGE('',*,*,#1452,.T.);
#1452 = EDGE_CURVE('',#1453,#1453,#1455,.T.);
#1453 = VERTEX_POINT('',#1454);
#1454 = CARTESIAN_POINT('',(170.575315,-81.592881,1.566));
#1455 = CIRCLE('',#1456,0.3);
#1456 = AXIS2_PLACEMENT_3D('',#1457,#1458,#1459);
#1457 = CARTESIAN_POINT('',(170.575315,-81.292881,1.566));
#1458 = DIRECTION('',(-0.,0.,-1.));
#1459 = DIRECTION('',(-0.,-1.,0.));
#1460 = FACE_BOUND('',#1461,.T.);
#1461 = EDGE_LOOP('',(#1462,#1473,#1481,#1490));
#1462 = ORIENTED_EDGE('',*,*,#1463,.T.);
#1463 = EDGE_CURVE('',#1464,#1466,#1468,.T.);
#1464 = VERTEX_POINT('',#1465);
#1465 = CARTESIAN_POINT('',(172.420315,-79.747881,1.566));
#1466 = VERTEX_POINT('',#1467);
#1467 = CARTESIAN_POINT('',(173.030315,-79.747881,1.566));
#1468 = CIRCLE('',#1469,0.305);
#1469 = AXIS2_PLACEMENT_3D('',#1470,#1471,#1472);
#1470 = CARTESIAN_POINT('',(172.725315,-79.747881,1.566));
#1471 = DIRECTION('',(0.,-0.,-1.));
#1472 = DIRECTION('',(1.,0.,-0.));
#1473 = ORIENTED_EDGE('',*,*,#1474,.T.);
#1474 = EDGE_CURVE('',#1466,#1475,#1477,.T.);
#1475 = VERTEX_POINT('',#1476);
#1476 = CARTESIAN_POINT('',(173.030315,-80.137881,1.566));
#1477 = LINE('',#1478,#1479);
#1478 = CARTESIAN_POINT('',(173.030315,-40.0689405,1.566));
#1479 = VECTOR('',#1480,1.);
#1480 = DIRECTION('',(0.,-1.,0.));
#1481 = ORIENTED_EDGE('',*,*,#1482,.T.);
#1482 = EDGE_CURVE('',#1475,#1483,#1485,.T.);
#1483 = VERTEX_POINT('',#1484);
#1484 = CARTESIAN_POINT('',(172.420315,-80.137881,1.566));
#1485 = CIRCLE('',#1486,0.305);
#1486 = AXIS2_PLACEMENT_3D('',#1487,#1488,#1489);
#1487 = CARTESIAN_POINT('',(172.725315,-80.137881,1.566));
#1488 = DIRECTION('',(-0.,0.,-1.));
#1489 = DIRECTION('',(-1.,0.,0.));
#1490 = ORIENTED_EDGE('',*,*,#1491,.T.);
#1491 = EDGE_CURVE('',#1483,#1464,#1492,.T.);
#1492 = LINE('',#1493,#1494);
#1493 = CARTESIAN_POINT('',(172.420315,-39.8739405,1.566));
#1494 = VECTOR('',#1495,1.);
#1495 = DIRECTION('',(-0.,1.,0.));
#1496 = FACE_BOUND('',#1497,.T.);
#1497 = EDGE_LOOP('',(#1498,#1509,#1517,#1526));
#1498 = ORIENTED_EDGE('',*,*,#1499,.T.);
#1499 = EDGE_CURVE('',#1500,#1502,#1504,.T.);
#1500 = VERTEX_POINT('',#1501);
#1501 = CARTESIAN_POINT('',(168.120315,-74.947881,1.566));
#1502 = VERTEX_POINT('',#1503);
#1503 = CARTESIAN_POINT('',(168.730315,-74.947881,1.566));
#1504 = CIRCLE('',#1505,0.305);
#1505 = AXIS2_PLACEMENT_3D('',#1506,#1507,#1508);
#1506 = CARTESIAN_POINT('',(168.425315,-74.947881,1.566));
#1507 = DIRECTION('',(0.,-0.,-1.));
#1508 = DIRECTION('',(1.,-4.659296627935E-14,0.));
#1509 = ORIENTED_EDGE('',*,*,#1510,.T.);
#1510 = EDGE_CURVE('',#1502,#1511,#1513,.T.);
#1511 = VERTEX_POINT('',#1512);
#1512 = CARTESIAN_POINT('',(168.730315,-75.337881,1.566));
#1513 = LINE('',#1514,#1515);
#1514 = CARTESIAN_POINT('',(168.730315,-37.6689405,1.566));
#1515 = VECTOR('',#1516,1.);
#1516 = DIRECTION('',(0.,-1.,0.));
#1517 = ORIENTED_EDGE('',*,*,#1518,.T.);
#1518 = EDGE_CURVE('',#1511,#1519,#1521,.T.);
#1519 = VERTEX_POINT('',#1520);
#1520 = CARTESIAN_POINT('',(168.120315,-75.337881,1.566));
#1521 = CIRCLE('',#1522,0.305);
#1522 = AXIS2_PLACEMENT_3D('',#1523,#1524,#1525);
#1523 = CARTESIAN_POINT('',(168.425315,-75.337881,1.566));
#1524 = DIRECTION('',(-0.,0.,-1.));
#1525 = DIRECTION('',(-1.,4.659296627935E-14,0.));
#1526 = ORIENTED_EDGE('',*,*,#1527,.T.);
#1527 = EDGE_CURVE('',#1519,#1500,#1528,.T.);
#1528 = LINE('',#1529,#1530);
#1529 = CARTESIAN_POINT('',(168.120315,-37.4739405,1.566));
#1530 = VECTOR('',#1531,1.);
#1531 = DIRECTION('',(-0.,1.,0.));
#1532 = FACE_BOUND('',#1533,.T.);
#1533 = EDGE_LOOP('',(#1534,#1545,#1553,#1562));
#1534 = ORIENTED_EDGE('',*,*,#1535,.T.);
#1535 = EDGE_CURVE('',#1536,#1538,#1540,.T.);
#1536 = VERTEX_POINT('',#1537);
#1537 = CARTESIAN_POINT('',(172.420315,-74.947881,1.566));
#1538 = VERTEX_POINT('',#1539);
#1539 = CARTESIAN_POINT('',(173.030315,-74.947881,1.566));
#1540 = CIRCLE('',#1541,0.305);
#1541 = AXIS2_PLACEMENT_3D('',#1542,#1543,#1544);
#1542 = CARTESIAN_POINT('',(172.725315,-74.947881,1.566));
#1543 = DIRECTION('',(0.,-0.,-1.));
#1544 = DIRECTION('',(1.,0.,-0.));
#1545 = ORIENTED_EDGE('',*,*,#1546,.T.);
#1546 = EDGE_CURVE('',#1538,#1547,#1549,.T.);
#1547 = VERTEX_POINT('',#1548);
#1548 = CARTESIAN_POINT('',(173.030315,-75.337881,1.566));
#1549 = LINE('',#1550,#1551);
#1550 = CARTESIAN_POINT('',(173.030315,-37.6689405,1.566));
#1551 = VECTOR('',#1552,1.);
#1552 = DIRECTION('',(0.,-1.,0.));
#1553 = ORIENTED_EDGE('',*,*,#1554,.T.);
#1554 = EDGE_CURVE('',#1547,#1555,#1557,.T.);
#1555 = VERTEX_POINT('',#1556);
#1556 = CARTESIAN_POINT('',(172.420315,-75.337881,1.566));
#1557 = CIRCLE('',#1558,0.305);
#1558 = AXIS2_PLACEMENT_3D('',#1559,#1560,#1561);
#1559 = CARTESIAN_POINT('',(172.725315,-75.337881,1.566));
#1560 = DIRECTION('',(-0.,0.,-1.));
#1561 = DIRECTION('',(-1.,0.,0.));
#1562 = ORIENTED_EDGE('',*,*,#1563,.T.);
#1563 = EDGE_CURVE('',#1555,#1536,#1564,.T.);
#1564 = LINE('',#1565,#1566);
#1565 = CARTESIAN_POINT('',(172.420315,-37.4739405,1.566));
#1566 = VECTOR('',#1567,1.);
#1567 = DIRECTION('',(-0.,1.,0.));
#1568 = FACE_BOUND('',#1569,.T.);
#1569 = EDGE_LOOP('',(#1570));
#1570 = ORIENTED_EDGE('',*,*,#1571,.T.);
#1571 = EDGE_CURVE('',#1572,#1572,#1574,.T.);
#1572 = VERTEX_POINT('',#1573);
#1573 = CARTESIAN_POINT('',(170.575315,-74.092881,1.566));
#1574 = CIRCLE('',#1575,0.3);
#1575 = AXIS2_PLACEMENT_3D('',#1576,#1577,#1578);
#1576 = CARTESIAN_POINT('',(170.575315,-73.792881,1.566));
#1577 = DIRECTION('',(-0.,0.,-1.));
#1578 = DIRECTION('',(-0.,-1.,0.));
#1579 = FACE_BOUND('',#1580,.T.);
#1580 = EDGE_LOOP('',(#1581));
#1581 = ORIENTED_EDGE('',*,*,#1582,.F.);
#1582 = EDGE_CURVE('',#1583,#1583,#1585,.T.);
#1583 = VERTEX_POINT('',#1584);
#1584 = CARTESIAN_POINT('',(172.25,-63.5,1.566));
#1585 = CIRCLE('',#1586,1.25);
#1586 = AXIS2_PLACEMENT_3D('',#1587,#1588,#1589);
#1587 = CARTESIAN_POINT('',(171.,-63.5,1.566));
#1588 = DIRECTION('',(0.,0.,1.));
#1589 = DIRECTION('',(1.,0.,-0.));
#1590 = PLANE('',#1591);
#1591 = AXIS2_PLACEMENT_3D('',#1592,#1593,#1594);
#1592 = CARTESIAN_POINT('',(0.,0.,1.566));
#1593 = DIRECTION('',(0.,0.,1.));
#1594 = DIRECTION('',(1.,0.,-0.));
#1595 = ADVANCED_FACE('',(#1596),#1607,.T.);
#1596 = FACE_BOUND('',#1597,.T.);
#1597 = EDGE_LOOP('',(#1598,#1604,#1605,#1606));
#1598 = ORIENTED_EDGE('',*,*,#1599,.T.);
#1599 = EDGE_CURVE('',#146,#874,#1600,.T.);
#1600 = LINE('',#1601,#1602);
#1601 = CARTESIAN_POINT('',(109.5,-63.,0.));
#1602 = VECTOR('',#1603,1.);
#1603 = DIRECTION('',(0.,0.,1.));
#1604 = ORIENTED_EDGE('',*,*,#873,.T.);
#1605 = ORIENTED_EDGE('',*,*,#81,.F.);
#1606 = ORIENTED_EDGE('',*,*,#145,.F.);
#1607 = CYLINDRICAL_SURFACE('',#1608,3.000001172987);
#1608 = AXIS2_PLACEMENT_3D('',#1609,#1610,#1611);
#1609 = CARTESIAN_POINT('',(112.50000117298,-63.00000117298,0.));
#1610 = DIRECTION('',(0.,0.,-1.));
#1611 = DIRECTION('',(-1.,3.909953663434E-07,0.));
#1612 = ADVANCED_FACE('',(#1613),#1624,.T.);
#1613 = FACE_BOUND('',#1614,.T.);
#1614 = EDGE_LOOP('',(#1615,#1616,#1617,#1623));
#1615 = ORIENTED_EDGE('',*,*,#121,.T.);
#1616 = ORIENTED_EDGE('',*,*,#965,.T.);
#1617 = ORIENTED_EDGE('',*,*,#1618,.F.);
#1618 = EDGE_CURVE('',#230,#958,#1619,.T.);
#1619 = LINE('',#1620,#1621);
#1620 = CARTESIAN_POINT('',(171.5,-116.,0.));
#1621 = VECTOR('',#1622,1.);
#1622 = DIRECTION('',(0.,0.,1.));
#1623 = ORIENTED_EDGE('',*,*,#237,.F.);
#1624 = CYLINDRICAL_SURFACE('',#1625,3.000001172987);
#1625 = AXIS2_PLACEMENT_3D('',#1626,#1627,#1628);
#1626 = CARTESIAN_POINT('',(171.49999882701,-112.999998827,0.));
#1627 = DIRECTION('',(0.,0.,-1.));
#1628 = DIRECTION('',(1.,-3.909953663434E-07,0.));
#1629 = ADVANCED_FACE('',(#1630),#1641,.T.);
#1630 = FACE_BOUND('',#1631,.T.);
#1631 = EDGE_LOOP('',(#1632,#1638,#1639,#1640));
#1632 = ORIENTED_EDGE('',*,*,#1633,.T.);
#1633 = EDGE_CURVE('',#155,#883,#1634,.T.);
#1634 = LINE('',#1635,#1636);
#1635 = CARTESIAN_POINT('',(109.5,-65.5,0.));
#1636 = VECTOR('',#1637,1.);
#1637 = DIRECTION('',(0.,0.,1.));
#1638 = ORIENTED_EDGE('',*,*,#882,.T.);
#1639 = ORIENTED_EDGE('',*,*,#1599,.F.);
#1640 = ORIENTED_EDGE('',*,*,#154,.F.);
#1641 = PLANE('',#1642);
#1642 = AXIS2_PLACEMENT_3D('',#1643,#1644,#1645);
#1643 = CARTESIAN_POINT('',(109.5,-65.5,0.));
#1644 = DIRECTION('',(-1.,0.,0.));
#1645 = DIRECTION('',(0.,1.,0.));
#1646 = ADVANCED_FACE('',(#1647),#1658,.T.);
#1647 = FACE_BOUND('',#1648,.T.);
#1648 = EDGE_LOOP('',(#1649,#1650,#1651,#1657));
#1649 = ORIENTED_EDGE('',*,*,#1618,.T.);
#1650 = ORIENTED_EDGE('',*,*,#957,.T.);
#1651 = ORIENTED_EDGE('',*,*,#1652,.F.);
#1652 = EDGE_CURVE('',#221,#949,#1653,.T.);
#1653 = LINE('',#1654,#1655);
#1654 = CARTESIAN_POINT('',(112.5,-116.,0.));
#1655 = VECTOR('',#1656,1.);
#1656 = DIRECTION('',(0.,0.,1.));
#1657 = ORIENTED_EDGE('',*,*,#229,.F.);
#1658 = PLANE('',#1659);
#1659 = AXIS2_PLACEMENT_3D('',#1660,#1661,#1662);
#1660 = CARTESIAN_POINT('',(171.5,-116.,0.));
#1661 = DIRECTION('',(0.,-1.,0.));
#1662 = DIRECTION('',(-1.,0.,0.));
#1663 = ADVANCED_FACE('',(#1664),#1675,.T.);
#1664 = FACE_BOUND('',#1665,.T.);
#1665 = EDGE_LOOP('',(#1666,#1672,#1673,#1674));
#1666 = ORIENTED_EDGE('',*,*,#1667,.T.);
#1667 = EDGE_CURVE('',#163,#891,#1668,.T.);
#1668 = LINE('',#1669,#1670);
#1669 = CARTESIAN_POINT('',(109.495932,-65.5,0.));
#1670 = VECTOR('',#1671,1.);
#1671 = DIRECTION('',(0.,0.,1.));
#1672 = ORIENTED_EDGE('',*,*,#890,.T.);
#1673 = ORIENTED_EDGE('',*,*,#1633,.F.);
#1674 = ORIENTED_EDGE('',*,*,#162,.F.);
#1675 = PLANE('',#1676);
#1676 = AXIS2_PLACEMENT_3D('',#1677,#1678,#1679);
#1677 = CARTESIAN_POINT('',(109.495932,-65.5,0.));
#1678 = DIRECTION('',(0.,1.,0.));
#1679 = DIRECTION('',(1.,0.,0.));
#1680 = ADVANCED_FACE('',(#1681),#1692,.T.);
#1681 = FACE_BOUND('',#1682,.T.);
#1682 = EDGE_LOOP('',(#1683,#1684,#1685,#1691));
#1683 = ORIENTED_EDGE('',*,*,#1652,.T.);
#1684 = ORIENTED_EDGE('',*,*,#948,.T.);
#1685 = ORIENTED_EDGE('',*,*,#1686,.F.);
#1686 = EDGE_CURVE('',#213,#941,#1687,.T.);
#1687 = LINE('',#1688,#1689);
#1688 = CARTESIAN_POINT('',(109.5,-113.,0.));
#1689 = VECTOR('',#1690,1.);
#1690 = DIRECTION('',(0.,0.,1.));
#1691 = ORIENTED_EDGE('',*,*,#220,.F.);
#1692 = CYLINDRICAL_SURFACE('',#1693,3.000001172987);
#1693 = AXIS2_PLACEMENT_3D('',#1694,#1695,#1696);
#1694 = CARTESIAN_POINT('',(112.50000117298,-112.999998827,0.));
#1695 = DIRECTION('',(0.,0.,-1.));
#1696 = DIRECTION('',(-3.909953663434E-07,-1.,-0.));
#1697 = ADVANCED_FACE('',(#1698),#1709,.T.);
#1698 = FACE_BOUND('',#1699,.T.);
#1699 = EDGE_LOOP('',(#1700,#1706,#1707,#1708));
#1700 = ORIENTED_EDGE('',*,*,#1701,.T.);
#1701 = EDGE_CURVE('',#171,#899,#1702,.T.);
#1702 = LINE('',#1703,#1704);
#1703 = CARTESIAN_POINT('',(109.8,-66.2,0.));
#1704 = VECTOR('',#1705,1.);
#1705 = DIRECTION('',(0.,0.,1.));
#1706 = ORIENTED_EDGE('',*,*,#898,.T.);
#1707 = ORIENTED_EDGE('',*,*,#1667,.F.);
#1708 = ORIENTED_EDGE('',*,*,#170,.F.);
#1709 = CYLINDRICAL_SURFACE('',#1710,0.957773968736);
#1710 = AXIS2_PLACEMENT_3D('',#1711,#1712,#1713);
#1711 = CARTESIAN_POINT('',(110.45370596873,-65.50000037026,0.));
#1712 = DIRECTION('',(0.,0.,-1.));
#1713 = DIRECTION('',(-0.68252634763,-0.730860988692,-0.));
#1714 = ADVANCED_FACE('',(#1715),#1726,.T.);
#1715 = FACE_BOUND('',#1716,.T.);
#1716 = EDGE_LOOP('',(#1717,#1718,#1719,#1725));
#1717 = ORIENTED_EDGE('',*,*,#1686,.T.);
#1718 = ORIENTED_EDGE('',*,*,#940,.T.);
#1719 = ORIENTED_EDGE('',*,*,#1720,.F.);
#1720 = EDGE_CURVE('',#204,#932,#1721,.T.);
#1721 = LINE('',#1722,#1723);
#1722 = CARTESIAN_POINT('',(109.5,-102.232231,0.));
#1723 = VECTOR('',#1724,1.);
#1724 = DIRECTION('',(0.,0.,1.));
#1725 = ORIENTED_EDGE('',*,*,#212,.F.);
#1726 = PLANE('',#1727);
#1727 = AXIS2_PLACEMENT_3D('',#1728,#1729,#1730);
#1728 = CARTESIAN_POINT('',(109.5,-113.,0.));
#1729 = DIRECTION('',(-1.,0.,0.));
#1730 = DIRECTION('',(0.,1.,0.));
#1731 = ADVANCED_FACE('',(#1732),#1743,.T.);
#1732 = FACE_BOUND('',#1733,.T.);
#1733 = EDGE_LOOP('',(#1734,#1740,#1741,#1742));
#1734 = ORIENTED_EDGE('',*,*,#1735,.T.);
#1735 = EDGE_CURVE('',#180,#908,#1736,.T.);
#1736 = LINE('',#1737,#1738);
#1737 = CARTESIAN_POINT('',(116.,-69.8,0.));
#1738 = VECTOR('',#1739,1.);
#1739 = DIRECTION('',(0.,0.,1.));
#1740 = ORIENTED_EDGE('',*,*,#907,.T.);
#1741 = ORIENTED_EDGE('',*,*,#1701,.F.);
#1742 = ORIENTED_EDGE('',*,*,#179,.F.);
#1743 = PLANE('',#1744);
#1744 = AXIS2_PLACEMENT_3D('',#1745,#1746,#1747);
#1745 = CARTESIAN_POINT('',(116.,-69.8,0.));
#1746 = DIRECTION('',(-0.502135517387,-0.86478894661,0.));
#1747 = DIRECTION('',(-0.86478894661,0.502135517387,0.));
#1748 = ADVANCED_FACE('',(#1749),#1760,.T.);
#1749 = FACE_BOUND('',#1750,.T.);
#1750 = EDGE_LOOP('',(#1751,#1752,#1753,#1759));
#1751 = ORIENTED_EDGE('',*,*,#1720,.T.);
#1752 = ORIENTED_EDGE('',*,*,#931,.T.);
#1753 = ORIENTED_EDGE('',*,*,#1754,.F.);
#1754 = EDGE_CURVE('',#196,#924,#1755,.T.);
#1755 = LINE('',#1756,#1757);
#1756 = CARTESIAN_POINT('',(110.07656,-101.1,0.));
#1757 = VECTOR('',#1758,1.);
#1758 = DIRECTION('',(0.,0.,1.));
#1759 = ORIENTED_EDGE('',*,*,#203,.F.);
#1760 = CYLINDRICAL_SURFACE('',#1761,1.399999129025);
#1761 = AXIS2_PLACEMENT_3D('',#1762,#1763,#1764);
#1762 = CARTESIAN_POINT('',(110.89999912902,-102.2322303484,0.));
#1763 = DIRECTION('',(0.,0.,-1.));
#1764 = DIRECTION('',(-1.,-4.653583171791E-07,-0.));
#1765 = ADVANCED_FACE('',(#1766),#1777,.T.);
#1766 = FACE_BOUND('',#1767,.T.);
#1767 = EDGE_LOOP('',(#1768,#1774,#1775,#1776));
#1768 = ORIENTED_EDGE('',*,*,#1769,.T.);
#1769 = EDGE_CURVE('',#188,#916,#1770,.T.);
#1770 = LINE('',#1771,#1772);
#1771 = CARTESIAN_POINT('',(116.,-97.2,0.));
#1772 = VECTOR('',#1773,1.);
#1773 = DIRECTION('',(0.,0.,1.));
#1774 = ORIENTED_EDGE('',*,*,#915,.T.);
#1775 = ORIENTED_EDGE('',*,*,#1735,.F.);
#1776 = ORIENTED_EDGE('',*,*,#187,.F.);
#1777 = PLANE('',#1778);
#1778 = AXIS2_PLACEMENT_3D('',#1779,#1780,#1781);
#1779 = CARTESIAN_POINT('',(116.,-97.2,0.));
#1780 = DIRECTION('',(-1.,0.,0.));
#1781 = DIRECTION('',(0.,1.,0.));
#1782 = ADVANCED_FACE('',(#1783),#1789,.T.);
#1783 = FACE_BOUND('',#1784,.T.);
#1784 = EDGE_LOOP('',(#1785,#1786,#1787,#1788));
#1785 = ORIENTED_EDGE('',*,*,#1754,.T.);
#1786 = ORIENTED_EDGE('',*,*,#923,.T.);
#1787 = ORIENTED_EDGE('',*,*,#1769,.F.);
#1788 = ORIENTED_EDGE('',*,*,#195,.F.);
#1789 = PLANE('',#1790);
#1790 = AXIS2_PLACEMENT_3D('',#1791,#1792,#1793);
#1791 = CARTESIAN_POINT('',(110.07656,-101.1,0.));
#1792 = DIRECTION('',(-0.549911694315,0.835222801686,0.));
#1793 = DIRECTION('',(0.835222801686,0.549911694315,0.));
#1794 = ADVANCED_FACE('',(#1795),#1806,.F.);
#1795 = FACE_BOUND('',#1796,.T.);
#1796 = EDGE_LOOP('',(#1797,#1803,#1804,#1805));
#1797 = ORIENTED_EDGE('',*,*,#1798,.T.);
#1798 = EDGE_CURVE('',#248,#976,#1799,.T.);
#1799 = LINE('',#1800,#1801);
#1800 = CARTESIAN_POINT('',(114.25,-112.5,0.));
#1801 = VECTOR('',#1802,1.);
#1802 = DIRECTION('',(0.,0.,1.));
#1803 = ORIENTED_EDGE('',*,*,#975,.T.);
#1804 = ORIENTED_EDGE('',*,*,#1798,.F.);
#1805 = ORIENTED_EDGE('',*,*,#247,.F.);
#1806 = CYLINDRICAL_SURFACE('',#1807,1.25);
#1807 = AXIS2_PLACEMENT_3D('',#1808,#1809,#1810);
#1808 = CARTESIAN_POINT('',(113.,-112.5,0.));
#1809 = DIRECTION('',(-0.,-0.,-1.));
#1810 = DIRECTION('',(1.,0.,-0.));
#1811 = ADVANCED_FACE('',(#1812),#1823,.F.);
#1812 = FACE_BOUND('',#1813,.T.);
#1813 = EDGE_LOOP('',(#1814,#1815,#1821,#1822));
#1814 = ORIENTED_EDGE('',*,*,#258,.T.);
#1815 = ORIENTED_EDGE('',*,*,#1816,.T.);
#1816 = EDGE_CURVE('',#259,#987,#1817,.T.);
#1817 = LINE('',#1818,#1819);
#1818 = CARTESIAN_POINT('',(123.53,-108.945,-4.5E-02));
#1819 = VECTOR('',#1820,1.);
#1820 = DIRECTION('',(0.,0.,1.));
#1821 = ORIENTED_EDGE('',*,*,#986,.F.);
#1822 = ORIENTED_EDGE('',*,*,#1816,.F.);
#1823 = CYLINDRICAL_SURFACE('',#1824,0.595);
#1824 = AXIS2_PLACEMENT_3D('',#1825,#1826,#1827);
#1825 = CARTESIAN_POINT('',(123.53,-108.35,-4.5E-02));
#1826 = DIRECTION('',(-0.,-0.,-1.));
#1827 = DIRECTION('',(-0.,-1.,0.));
#1828 = ADVANCED_FACE('',(#1829),#1840,.F.);
#1829 = FACE_BOUND('',#1830,.T.);
#1830 = EDGE_LOOP('',(#1831,#1832,#1838,#1839));
#1831 = ORIENTED_EDGE('',*,*,#269,.T.);
#1832 = ORIENTED_EDGE('',*,*,#1833,.T.);
#1833 = EDGE_CURVE('',#270,#998,#1834,.T.);
#1834 = LINE('',#1835,#1836);
#1835 = CARTESIAN_POINT('',(116.9735,-106.802,-4.5E-02));
#1836 = VECTOR('',#1837,1.);
#1837 = DIRECTION('',(0.,0.,1.));
#1838 = ORIENTED_EDGE('',*,*,#997,.F.);
#1839 = ORIENTED_EDGE('',*,*,#1833,.F.);
#1840 = CYLINDRICAL_SURFACE('',#1841,0.152);
#1841 = AXIS2_PLACEMENT_3D('',#1842,#1843,#1844);
#1842 = CARTESIAN_POINT('',(116.9735,-106.65,-4.5E-02));
#1843 = DIRECTION('',(-0.,-0.,-1.));
#1844 = DIRECTION('',(-0.,-1.,0.));
#1845 = ADVANCED_FACE('',(#1846),#1857,.F.);
#1846 = FACE_BOUND('',#1847,.T.);
#1847 = EDGE_LOOP('',(#1848,#1849,#1855,#1856));
#1848 = ORIENTED_EDGE('',*,*,#280,.T.);
#1849 = ORIENTED_EDGE('',*,*,#1850,.T.);
#1850 = EDGE_CURVE('',#281,#1009,#1851,.T.);
#1851 = LINE('',#1852,#1853);
#1852 = CARTESIAN_POINT('',(117.9735,-106.802,-4.5E-02));
#1853 = VECTOR('',#1854,1.);
#1854 = DIRECTION('',(0.,0.,1.));
#1855 = ORIENTED_EDGE('',*,*,#1008,.F.);
#1856 = ORIENTED_EDGE('',*,*,#1850,.F.);
#1857 = CYLINDRICAL_SURFACE('',#1858,0.152);
#1858 = AXIS2_PLACEMENT_3D('',#1859,#1860,#1861);
#1859 = CARTESIAN_POINT('',(117.9735,-106.65,-4.5E-02));
#1860 = DIRECTION('',(-0.,-0.,-1.));
#1861 = DIRECTION('',(-0.,-1.,0.));
#1862 = ADVANCED_FACE('',(#1863),#1874,.F.);
#1863 = FACE_BOUND('',#1864,.T.);
#1864 = EDGE_LOOP('',(#1865,#1866,#1872,#1873));
#1865 = ORIENTED_EDGE('',*,*,#291,.T.);
#1866 = ORIENTED_EDGE('',*,*,#1867,.T.);
#1867 = EDGE_CURVE('',#292,#1020,#1868,.T.);
#1868 = LINE('',#1869,#1870);
#1869 = CARTESIAN_POINT('',(116.9735,-105.802,-4.5E-02));
#1870 = VECTOR('',#1871,1.);
#1871 = DIRECTION('',(0.,0.,1.));
#1872 = ORIENTED_EDGE('',*,*,#1019,.F.);
#1873 = ORIENTED_EDGE('',*,*,#1867,.F.);
#1874 = CYLINDRICAL_SURFACE('',#1875,0.152);
#1875 = AXIS2_PLACEMENT_3D('',#1876,#1877,#1878);
#1876 = CARTESIAN_POINT('',(116.9735,-105.65,-4.5E-02));
#1877 = DIRECTION('',(-0.,-0.,-1.));
#1878 = DIRECTION('',(-0.,-1.,0.));
#1879 = ADVANCED_FACE('',(#1880),#1891,.F.);
#1880 = FACE_BOUND('',#1881,.T.);
#1881 = EDGE_LOOP('',(#1882,#1883,#1889,#1890));
#1882 = ORIENTED_EDGE('',*,*,#302,.T.);
#1883 = ORIENTED_EDGE('',*,*,#1884,.T.);
#1884 = EDGE_CURVE('',#303,#1031,#1885,.T.);
#1885 = LINE('',#1886,#1887);
#1886 = CARTESIAN_POINT('',(117.9735,-105.802,-4.5E-02));
#1887 = VECTOR('',#1888,1.);
#1888 = DIRECTION('',(0.,0.,1.));
#1889 = ORIENTED_EDGE('',*,*,#1030,.F.);
#1890 = ORIENTED_EDGE('',*,*,#1884,.F.);
#1891 = CYLINDRICAL_SURFACE('',#1892,0.152);
#1892 = AXIS2_PLACEMENT_3D('',#1893,#1894,#1895);
#1893 = CARTESIAN_POINT('',(117.9735,-105.65,-4.5E-02));
#1894 = DIRECTION('',(-0.,-0.,-1.));
#1895 = DIRECTION('',(-0.,-1.,0.));
#1896 = ADVANCED_FACE('',(#1897),#1908,.F.);
#1897 = FACE_BOUND('',#1898,.T.);
#1898 = EDGE_LOOP('',(#1899,#1900,#1906,#1907));
#1899 = ORIENTED_EDGE('',*,*,#313,.T.);
#1900 = ORIENTED_EDGE('',*,*,#1901,.T.);
#1901 = EDGE_CURVE('',#314,#1042,#1902,.T.);
#1902 = LINE('',#1903,#1904);
#1903 = CARTESIAN_POINT('',(123.53,-106.405,-4.5E-02));
#1904 = VECTOR('',#1905,1.);
#1905 = DIRECTION('',(0.,0.,1.));
#1906 = ORIENTED_EDGE('',*,*,#1041,.F.);
#1907 = ORIENTED_EDGE('',*,*,#1901,.F.);
#1908 = CYLINDRICAL_SURFACE('',#1909,0.595);
#1909 = AXIS2_PLACEMENT_3D('',#1910,#1911,#1912);
#1910 = CARTESIAN_POINT('',(123.53,-105.81,-4.5E-02));
#1911 = DIRECTION('',(-0.,-0.,-1.));
#1912 = DIRECTION('',(-0.,-1.,0.));
#1913 = ADVANCED_FACE('',(#1914),#1925,.F.);
#1914 = FACE_BOUND('',#1915,.T.);
#1915 = EDGE_LOOP('',(#1916,#1917,#1923,#1924));
#1916 = ORIENTED_EDGE('',*,*,#324,.T.);
#1917 = ORIENTED_EDGE('',*,*,#1918,.T.);
#1918 = EDGE_CURVE('',#325,#1053,#1919,.T.);
#1919 = LINE('',#1920,#1921);
#1920 = CARTESIAN_POINT('',(136.53,-108.945,-4.5E-02));
#1921 = VECTOR('',#1922,1.);
#1922 = DIRECTION('',(0.,0.,1.));
#1923 = ORIENTED_EDGE('',*,*,#1052,.F.);
#1924 = ORIENTED_EDGE('',*,*,#1918,.F.);
#1925 = CYLINDRICAL_SURFACE('',#1926,0.595);
#1926 = AXIS2_PLACEMENT_3D('',#1927,#1928,#1929);
#1927 = CARTESIAN_POINT('',(136.53,-108.35,-4.5E-02));
#1928 = DIRECTION('',(-0.,-0.,-1.));
#1929 = DIRECTION('',(-0.,-1.,0.));
#1930 = ADVANCED_FACE('',(#1931),#1942,.F.);
#1931 = FACE_BOUND('',#1932,.T.);
#1932 = EDGE_LOOP('',(#1933,#1934,#1940,#1941));
#1933 = ORIENTED_EDGE('',*,*,#335,.T.);
#1934 = ORIENTED_EDGE('',*,*,#1935,.T.);
#1935 = EDGE_CURVE('',#336,#1064,#1936,.T.);
#1936 = LINE('',#1937,#1938);
#1937 = CARTESIAN_POINT('',(129.9735,-106.802,-4.5E-02));
#1938 = VECTOR('',#1939,1.);
#1939 = DIRECTION('',(0.,0.,1.));
#1940 = ORIENTED_EDGE('',*,*,#1063,.F.);
#1941 = ORIENTED_EDGE('',*,*,#1935,.F.);
#1942 = CYLINDRICAL_SURFACE('',#1943,0.152);
#1943 = AXIS2_PLACEMENT_3D('',#1944,#1945,#1946);
#1944 = CARTESIAN_POINT('',(129.9735,-106.65,-4.5E-02));
#1945 = DIRECTION('',(-0.,-0.,-1.));
#1946 = DIRECTION('',(-0.,-1.,0.));
#1947 = ADVANCED_FACE('',(#1948),#1959,.F.);
#1948 = FACE_BOUND('',#1949,.T.);
#1949 = EDGE_LOOP('',(#1950,#1951,#1957,#1958));
#1950 = ORIENTED_EDGE('',*,*,#346,.T.);
#1951 = ORIENTED_EDGE('',*,*,#1952,.T.);
#1952 = EDGE_CURVE('',#347,#1075,#1953,.T.);
#1953 = LINE('',#1954,#1955);
#1954 = CARTESIAN_POINT('',(129.9735,-105.802,-4.5E-02));
#1955 = VECTOR('',#1956,1.);
#1956 = DIRECTION('',(0.,0.,1.));
#1957 = ORIENTED_EDGE('',*,*,#1074,.F.);
#1958 = ORIENTED_EDGE('',*,*,#1952,.F.);
#1959 = CYLINDRICAL_SURFACE('',#1960,0.152);
#1960 = AXIS2_PLACEMENT_3D('',#1961,#1962,#1963);
#1961 = CARTESIAN_POINT('',(129.9735,-105.65,-4.5E-02));
#1962 = DIRECTION('',(-0.,-0.,-1.));
#1963 = DIRECTION('',(-0.,-1.,0.));
#1964 = ADVANCED_FACE('',(#1965),#1976,.F.);
#1965 = FACE_BOUND('',#1966,.T.);
#1966 = EDGE_LOOP('',(#1967,#1968,#1974,#1975));
#1967 = ORIENTED_EDGE('',*,*,#357,.T.);
#1968 = ORIENTED_EDGE('',*,*,#1969,.T.);
#1969 = EDGE_CURVE('',#358,#1086,#1970,.T.);
#1970 = LINE('',#1971,#1972);
#1971 = CARTESIAN_POINT('',(130.9735,-106.802,-4.5E-02));
#1972 = VECTOR('',#1973,1.);
#1973 = DIRECTION('',(0.,0.,1.));
#1974 = ORIENTED_EDGE('',*,*,#1085,.F.);
#1975 = ORIENTED_EDGE('',*,*,#1969,.F.);
#1976 = CYLINDRICAL_SURFACE('',#1977,0.152);
#1977 = AXIS2_PLACEMENT_3D('',#1978,#1979,#1980);
#1978 = CARTESIAN_POINT('',(130.9735,-106.65,-4.5E-02));
#1979 = DIRECTION('',(-0.,-0.,-1.));
#1980 = DIRECTION('',(-0.,-1.,0.));
#1981 = ADVANCED_FACE('',(#1982),#1993,.F.);
#1982 = FACE_BOUND('',#1983,.T.);
#1983 = EDGE_LOOP('',(#1984,#1985,#1991,#1992));
#1984 = ORIENTED_EDGE('',*,*,#368,.T.);
#1985 = ORIENTED_EDGE('',*,*,#1986,.T.);
#1986 = EDGE_CURVE('',#369,#1097,#1987,.T.);
#1987 = LINE('',#1988,#1989);
#1988 = CARTESIAN_POINT('',(130.9735,-105.802,-4.5E-02));
#1989 = VECTOR('',#1990,1.);
#1990 = DIRECTION('',(0.,0.,1.));
#1991 = ORIENTED_EDGE('',*,*,#1096,.F.);
#1992 = ORIENTED_EDGE('',*,*,#1986,.F.);
#1993 = CYLINDRICAL_SURFACE('',#1994,0.152);
#1994 = AXIS2_PLACEMENT_3D('',#1995,#1996,#1997);
#1995 = CARTESIAN_POINT('',(130.9735,-105.65,-4.5E-02));
#1996 = DIRECTION('',(-0.,-0.,-1.));
#1997 = DIRECTION('',(-0.,-1.,0.));
#1998 = ADVANCED_FACE('',(#1999),#2010,.F.);
#1999 = FACE_BOUND('',#2000,.T.);
#2000 = EDGE_LOOP('',(#2001,#2002,#2008,#2009));
#2001 = ORIENTED_EDGE('',*,*,#379,.T.);
#2002 = ORIENTED_EDGE('',*,*,#2003,.T.);
#2003 = EDGE_CURVE('',#380,#1108,#2004,.T.);
#2004 = LINE('',#2005,#2006);
#2005 = CARTESIAN_POINT('',(136.53,-106.405,-4.5E-02));
#2006 = VECTOR('',#2007,1.);
#2007 = DIRECTION('',(0.,0.,1.));
#2008 = ORIENTED_EDGE('',*,*,#1107,.F.);
#2009 = ORIENTED_EDGE('',*,*,#2003,.F.);
#2010 = CYLINDRICAL_SURFACE('',#2011,0.595);
#2011 = AXIS2_PLACEMENT_3D('',#2012,#2013,#2014);
#2012 = CARTESIAN_POINT('',(136.53,-105.81,-4.5E-02));
#2013 = DIRECTION('',(-0.,-0.,-1.));
#2014 = DIRECTION('',(-0.,-1.,0.));
#2015 = ADVANCED_FACE('',(#2016),#2032,.F.);
#2016 = FACE_BOUND('',#2017,.T.);
#2017 = EDGE_LOOP('',(#2018,#2019,#2025,#2026));
#2018 = ORIENTED_EDGE('',*,*,#390,.T.);
#2019 = ORIENTED_EDGE('',*,*,#2020,.T.);
#2020 = EDGE_CURVE('',#393,#1121,#2021,.T.);
#2021 = LINE('',#2022,#2023);
#2022 = CARTESIAN_POINT('',(118.1,-93.3635,-4.5E-02));
#2023 = VECTOR('',#2024,1.);
#2024 = DIRECTION('',(0.,0.,1.));
#2025 = ORIENTED_EDGE('',*,*,#1118,.F.);
#2026 = ORIENTED_EDGE('',*,*,#2027,.F.);
#2027 = EDGE_CURVE('',#391,#1119,#2028,.T.);
#2028 = LINE('',#2029,#2030);
#2029 = CARTESIAN_POINT('',(116.9,-93.3635,-4.5E-02));
#2030 = VECTOR('',#2031,1.);
#2031 = DIRECTION('',(0.,0.,1.));
#2032 = CYLINDRICAL_SURFACE('',#2033,0.6);
#2033 = AXIS2_PLACEMENT_3D('',#2034,#2035,#2036);
#2034 = CARTESIAN_POINT('',(117.5,-93.3635,-4.5E-02));
#2035 = DIRECTION('',(-0.,-0.,-1.));
#2036 = DIRECTION('',(1.,-2.368475785867E-14,0.));
#2037 = ADVANCED_FACE('',(#2038),#2049,.T.);
#2038 = FACE_BOUND('',#2039,.T.);
#2039 = EDGE_LOOP('',(#2040,#2041,#2042,#2043));
#2040 = ORIENTED_EDGE('',*,*,#418,.T.);
#2041 = ORIENTED_EDGE('',*,*,#2027,.T.);
#2042 = ORIENTED_EDGE('',*,*,#1146,.F.);
#2043 = ORIENTED_EDGE('',*,*,#2044,.F.);
#2044 = EDGE_CURVE('',#410,#1138,#2045,.T.);
#2045 = LINE('',#2046,#2047);
#2046 = CARTESIAN_POINT('',(116.9,-95.8635,-4.5E-02));
#2047 = VECTOR('',#2048,1.);
#2048 = DIRECTION('',(0.,0.,1.));
#2049 = PLANE('',#2050);
#2050 = AXIS2_PLACEMENT_3D('',#2051,#2052,#2053);
#2051 = CARTESIAN_POINT('',(116.9,-93.3635,-4.5E-02));
#2052 = DIRECTION('',(1.,0.,-0.));
#2053 = DIRECTION('',(0.,-1.,0.));
#2054 = ADVANCED_FACE('',(#2055),#2066,.F.);
#2055 = FACE_BOUND('',#2056,.T.);
#2056 = EDGE_LOOP('',(#2057,#2058,#2059,#2060));
#2057 = ORIENTED_EDGE('',*,*,#409,.T.);
#2058 = ORIENTED_EDGE('',*,*,#2044,.T.);
#2059 = ORIENTED_EDGE('',*,*,#1137,.F.);
#2060 = ORIENTED_EDGE('',*,*,#2061,.F.);
#2061 = EDGE_CURVE('',#402,#1130,#2062,.T.);
#2062 = LINE('',#2063,#2064);
#2063 = CARTESIAN_POINT('',(118.1,-95.8635,-4.5E-02));
#2064 = VECTOR('',#2065,1.);
#2065 = DIRECTION('',(0.,0.,1.));
#2066 = CYLINDRICAL_SURFACE('',#2067,0.6);
#2067 = AXIS2_PLACEMENT_3D('',#2068,#2069,#2070);
#2068 = CARTESIAN_POINT('',(117.5,-95.8635,-4.5E-02));
#2069 = DIRECTION('',(-0.,-0.,-1.));
#2070 = DIRECTION('',(-1.,0.,-0.));
#2071 = ADVANCED_FACE('',(#2072),#2078,.T.);
#2072 = FACE_BOUND('',#2073,.T.);
#2073 = EDGE_LOOP('',(#2074,#2075,#2076,#2077));
#2074 = ORIENTED_EDGE('',*,*,#401,.T.);
#2075 = ORIENTED_EDGE('',*,*,#2061,.T.);
#2076 = ORIENTED_EDGE('',*,*,#1129,.F.);
#2077 = ORIENTED_EDGE('',*,*,#2020,.F.);
#2078 = PLANE('',#2079);
#2079 = AXIS2_PLACEMENT_3D('',#2080,#2081,#2082);
#2080 = CARTESIAN_POINT('',(118.1,-95.8635,-4.5E-02));
#2081 = DIRECTION('',(-1.,0.,0.));
#2082 = DIRECTION('',(0.,1.,0.));
#2083 = ADVANCED_FACE('',(#2084),#2100,.F.);
#2084 = FACE_BOUND('',#2085,.T.);
#2085 = EDGE_LOOP('',(#2086,#2087,#2093,#2094));
#2086 = ORIENTED_EDGE('',*,*,#426,.T.);
#2087 = ORIENTED_EDGE('',*,*,#2088,.T.);
#2088 = EDGE_CURVE('',#429,#1157,#2089,.T.);
#2089 = LINE('',#2090,#2091);
#2090 = CARTESIAN_POINT('',(119.25,-98.7135,-4.5E-02));
#2091 = VECTOR('',#2092,1.);
#2092 = DIRECTION('',(0.,0.,1.));
#2093 = ORIENTED_EDGE('',*,*,#1154,.F.);
#2094 = ORIENTED_EDGE('',*,*,#2095,.F.);
#2095 = EDGE_CURVE('',#427,#1155,#2096,.T.);
#2096 = LINE('',#2097,#2098);
#2097 = CARTESIAN_POINT('',(119.25,-99.9135,-4.5E-02));
#2098 = VECTOR('',#2099,1.);
#2099 = DIRECTION('',(0.,0.,1.));
#2100 = CYLINDRICAL_SURFACE('',#2101,0.6);
#2101 = AXIS2_PLACEMENT_3D('',#2102,#2103,#2104);
#2102 = CARTESIAN_POINT('',(119.25,-99.3135,-4.5E-02));
#2103 = DIRECTION('',(-0.,-0.,-1.));
#2104 = DIRECTION('',(-2.368475785867E-14,1.,0.));
#2105 = ADVANCED_FACE('',(#2106),#2117,.T.);
#2106 = FACE_BOUND('',#2107,.T.);
#2107 = EDGE_LOOP('',(#2108,#2109,#2110,#2111));
#2108 = ORIENTED_EDGE('',*,*,#454,.T.);
#2109 = ORIENTED_EDGE('',*,*,#2095,.T.);
#2110 = ORIENTED_EDGE('',*,*,#1182,.F.);
#2111 = ORIENTED_EDGE('',*,*,#2112,.F.);
#2112 = EDGE_CURVE('',#446,#1174,#2113,.T.);
#2113 = LINE('',#2114,#2115);
#2114 = CARTESIAN_POINT('',(121.75,-99.9135,-4.5E-02));
#2115 = VECTOR('',#2116,1.);
#2116 = DIRECTION('',(0.,0.,1.));
#2117 = PLANE('',#2118);
#2118 = AXIS2_PLACEMENT_3D('',#2119,#2120,#2121);
#2119 = CARTESIAN_POINT('',(119.25,-99.9135,-4.5E-02));
#2120 = DIRECTION('',(0.,1.,0.));
#2121 = DIRECTION('',(1.,0.,0.));
#2122 = ADVANCED_FACE('',(#2123),#2134,.F.);
#2123 = FACE_BOUND('',#2124,.T.);
#2124 = EDGE_LOOP('',(#2125,#2126,#2127,#2128));
#2125 = ORIENTED_EDGE('',*,*,#445,.T.);
#2126 = ORIENTED_EDGE('',*,*,#2112,.T.);
#2127 = ORIENTED_EDGE('',*,*,#1173,.F.);
#2128 = ORIENTED_EDGE('',*,*,#2129,.F.);
#2129 = EDGE_CURVE('',#438,#1166,#2130,.T.);
#2130 = LINE('',#2131,#2132);
#2131 = CARTESIAN_POINT('',(121.75,-98.7135,-4.5E-02));
#2132 = VECTOR('',#2133,1.);
#2133 = DIRECTION('',(0.,0.,1.));
#2134 = CYLINDRICAL_SURFACE('',#2135,0.6);
#2135 = AXIS2_PLACEMENT_3D('',#2136,#2137,#2138);
#2136 = CARTESIAN_POINT('',(121.75,-99.3135,-4.5E-02));
#2137 = DIRECTION('',(-0.,0.,-1.));
#2138 = DIRECTION('',(2.368475785867E-14,-1.,-0.));
#2139 = ADVANCED_FACE('',(#2140),#2146,.T.);
#2140 = FACE_BOUND('',#2141,.T.);
#2141 = EDGE_LOOP('',(#2142,#2143,#2144,#2145));
#2142 = ORIENTED_EDGE('',*,*,#437,.T.);
#2143 = ORIENTED_EDGE('',*,*,#2129,.T.);
#2144 = ORIENTED_EDGE('',*,*,#1165,.F.);
#2145 = ORIENTED_EDGE('',*,*,#2088,.F.);
#2146 = PLANE('',#2147);
#2147 = AXIS2_PLACEMENT_3D('',#2148,#2149,#2150);
#2148 = CARTESIAN_POINT('',(121.75,-98.7135,-4.5E-02));
#2149 = DIRECTION('',(0.,-1.,0.));
#2150 = DIRECTION('',(-1.,0.,0.));
#2151 = ADVANCED_FACE('',(#2152),#2168,.F.);
#2152 = FACE_BOUND('',#2153,.T.);
#2153 = EDGE_LOOP('',(#2154,#2155,#2161,#2162));
#2154 = ORIENTED_EDGE('',*,*,#462,.T.);
#2155 = ORIENTED_EDGE('',*,*,#2156,.T.);
#2156 = EDGE_CURVE('',#465,#1193,#2157,.T.);
#2157 = LINE('',#2158,#2159);
#2158 = CARTESIAN_POINT('',(122.9,-95.8635,-4.5E-02));
#2159 = VECTOR('',#2160,1.);
#2160 = DIRECTION('',(0.,0.,1.));
#2161 = ORIENTED_EDGE('',*,*,#1190,.F.);
#2162 = ORIENTED_EDGE('',*,*,#2163,.F.);
#2163 = EDGE_CURVE('',#463,#1191,#2164,.T.);
#2164 = LINE('',#2165,#2166);
#2165 = CARTESIAN_POINT('',(124.1,-95.8635,-4.5E-02));
#2166 = VECTOR('',#2167,1.);
#2167 = DIRECTION('',(0.,0.,1.));
#2168 = CYLINDRICAL_SURFACE('',#2169,0.6);
#2169 = AXIS2_PLACEMENT_3D('',#2170,#2171,#2172);
#2170 = CARTESIAN_POINT('',(123.5,-95.8635,-4.5E-02));
#2171 = DIRECTION('',(-0.,-0.,-1.));
#2172 = DIRECTION('',(-1.,0.,-0.));
#2173 = ADVANCED_FACE('',(#2174),#2185,.T.);
#2174 = FACE_BOUND('',#2175,.T.);
#2175 = EDGE_LOOP('',(#2176,#2177,#2178,#2179));
#2176 = ORIENTED_EDGE('',*,*,#490,.T.);
#2177 = ORIENTED_EDGE('',*,*,#2163,.T.);
#2178 = ORIENTED_EDGE('',*,*,#1218,.F.);
#2179 = ORIENTED_EDGE('',*,*,#2180,.F.);
#2180 = EDGE_CURVE('',#482,#1210,#2181,.T.);
#2181 = LINE('',#2182,#2183);
#2182 = CARTESIAN_POINT('',(124.1,-93.3635,-4.5E-02));
#2183 = VECTOR('',#2184,1.);
#2184 = DIRECTION('',(0.,0.,1.));
#2185 = PLANE('',#2186);
#2186 = AXIS2_PLACEMENT_3D('',#2187,#2188,#2189);
#2187 = CARTESIAN_POINT('',(124.1,-95.8635,-4.5E-02));
#2188 = DIRECTION('',(-1.,0.,0.));
#2189 = DIRECTION('',(0.,1.,0.));
#2190 = ADVANCED_FACE('',(#2191),#2202,.F.);
#2191 = FACE_BOUND('',#2192,.T.);
#2192 = EDGE_LOOP('',(#2193,#2194,#2195,#2196));
#2193 = ORIENTED_EDGE('',*,*,#481,.T.);
#2194 = ORIENTED_EDGE('',*,*,#2180,.T.);
#2195 = ORIENTED_EDGE('',*,*,#1209,.F.);
#2196 = ORIENTED_EDGE('',*,*,#2197,.F.);
#2197 = EDGE_CURVE('',#474,#1202,#2198,.T.);
#2198 = LINE('',#2199,#2200);
#2199 = CARTESIAN_POINT('',(122.9,-93.3635,-4.5E-02));
#2200 = VECTOR('',#2201,1.);
#2201 = DIRECTION('',(0.,0.,1.));
#2202 = CYLINDRICAL_SURFACE('',#2203,0.6);
#2203 = AXIS2_PLACEMENT_3D('',#2204,#2205,#2206);
#2204 = CARTESIAN_POINT('',(123.5,-93.3635,-4.5E-02));
#2205 = DIRECTION('',(-0.,-0.,-1.));
#2206 = DIRECTION('',(1.,-2.368475785867E-14,0.));
#2207 = ADVANCED_FACE('',(#2208),#2214,.T.);
#2208 = FACE_BOUND('',#2209,.T.);
#2209 = EDGE_LOOP('',(#2210,#2211,#2212,#2213));
#2210 = ORIENTED_EDGE('',*,*,#473,.T.);
#2211 = ORIENTED_EDGE('',*,*,#2197,.T.);
#2212 = ORIENTED_EDGE('',*,*,#1201,.F.);
#2213 = ORIENTED_EDGE('',*,*,#2156,.F.);
#2214 = PLANE('',#2215);
#2215 = AXIS2_PLACEMENT_3D('',#2216,#2217,#2218);
#2216 = CARTESIAN_POINT('',(122.9,-93.3635,-4.5E-02));
#2217 = DIRECTION('',(1.,0.,-0.));
#2218 = DIRECTION('',(0.,-1.,0.));
#2219 = ADVANCED_FACE('',(#2220),#2231,.F.);
#2220 = FACE_BOUND('',#2221,.T.);
#2221 = EDGE_LOOP('',(#2222,#2223,#2229,#2230));
#2222 = ORIENTED_EDGE('',*,*,#498,.T.);
#2223 = ORIENTED_EDGE('',*,*,#2224,.T.);
#2224 = EDGE_CURVE('',#499,#1227,#2225,.T.);
#2225 = LINE('',#2226,#2227);
#2226 = CARTESIAN_POINT('',(149.53,-108.945,-4.5E-02));
#2227 = VECTOR('',#2228,1.);
#2228 = DIRECTION('',(0.,0.,1.));
#2229 = ORIENTED_EDGE('',*,*,#1226,.F.);
#2230 = ORIENTED_EDGE('',*,*,#2224,.F.);
#2231 = CYLINDRICAL_SURFACE('',#2232,0.595);
#2232 = AXIS2_PLACEMENT_3D('',#2233,#2234,#2235);
#2233 = CARTESIAN_POINT('',(149.53,-108.35,-4.5E-02));
#2234 = DIRECTION('',(-0.,-0.,-1.));
#2235 = DIRECTION('',(-0.,-1.,0.));
#2236 = ADVANCED_FACE('',(#2237),#2248,.F.);
#2237 = FACE_BOUND('',#2238,.T.);
#2238 = EDGE_LOOP('',(#2239,#2240,#2246,#2247));
#2239 = ORIENTED_EDGE('',*,*,#509,.T.);
#2240 = ORIENTED_EDGE('',*,*,#2241,.T.);
#2241 = EDGE_CURVE('',#510,#1238,#2242,.T.);
#2242 = LINE('',#2243,#2244);
#2243 = CARTESIAN_POINT('',(142.9735,-106.802,-4.5E-02));
#2244 = VECTOR('',#2245,1.);
#2245 = DIRECTION('',(0.,0.,1.));
#2246 = ORIENTED_EDGE('',*,*,#1237,.F.);
#2247 = ORIENTED_EDGE('',*,*,#2241,.F.);
#2248 = CYLINDRICAL_SURFACE('',#2249,0.152);
#2249 = AXIS2_PLACEMENT_3D('',#2250,#2251,#2252);
#2250 = CARTESIAN_POINT('',(142.9735,-106.65,-4.5E-02));
#2251 = DIRECTION('',(-0.,-0.,-1.));
#2252 = DIRECTION('',(-0.,-1.,0.));
#2253 = ADVANCED_FACE('',(#2254),#2265,.F.);
#2254 = FACE_BOUND('',#2255,.T.);
#2255 = EDGE_LOOP('',(#2256,#2257,#2263,#2264));
#2256 = ORIENTED_EDGE('',*,*,#520,.T.);
#2257 = ORIENTED_EDGE('',*,*,#2258,.T.);
#2258 = EDGE_CURVE('',#521,#1249,#2259,.T.);
#2259 = LINE('',#2260,#2261);
#2260 = CARTESIAN_POINT('',(143.9735,-106.802,-4.5E-02));
#2261 = VECTOR('',#2262,1.);
#2262 = DIRECTION('',(0.,0.,1.));
#2263 = ORIENTED_EDGE('',*,*,#1248,.F.);
#2264 = ORIENTED_EDGE('',*,*,#2258,.F.);
#2265 = CYLINDRICAL_SURFACE('',#2266,0.152);
#2266 = AXIS2_PLACEMENT_3D('',#2267,#2268,#2269);
#2267 = CARTESIAN_POINT('',(143.9735,-106.65,-4.5E-02));
#2268 = DIRECTION('',(-0.,-0.,-1.));
#2269 = DIRECTION('',(-0.,-1.,0.));
#2270 = ADVANCED_FACE('',(#2271),#2282,.F.);
#2271 = FACE_BOUND('',#2272,.T.);
#2272 = EDGE_LOOP('',(#2273,#2274,#2280,#2281));
#2273 = ORIENTED_EDGE('',*,*,#531,.T.);
#2274 = ORIENTED_EDGE('',*,*,#2275,.T.);
#2275 = EDGE_CURVE('',#532,#1260,#2276,.T.);
#2276 = LINE('',#2277,#2278);
#2277 = CARTESIAN_POINT('',(142.9735,-105.802,-4.5E-02));
#2278 = VECTOR('',#2279,1.);
#2279 = DIRECTION('',(0.,0.,1.));
#2280 = ORIENTED_EDGE('',*,*,#1259,.F.);
#2281 = ORIENTED_EDGE('',*,*,#2275,.F.);
#2282 = CYLINDRICAL_SURFACE('',#2283,0.152);
#2283 = AXIS2_PLACEMENT_3D('',#2284,#2285,#2286);
#2284 = CARTESIAN_POINT('',(142.9735,-105.65,-4.5E-02));
#2285 = DIRECTION('',(-0.,-0.,-1.));
#2286 = DIRECTION('',(-0.,-1.,0.));
#2287 = ADVANCED_FACE('',(#2288),#2299,.F.);
#2288 = FACE_BOUND('',#2289,.T.);
#2289 = EDGE_LOOP('',(#2290,#2291,#2297,#2298));
#2290 = ORIENTED_EDGE('',*,*,#542,.T.);
#2291 = ORIENTED_EDGE('',*,*,#2292,.T.);
#2292 = EDGE_CURVE('',#543,#1271,#2293,.T.);
#2293 = LINE('',#2294,#2295);
#2294 = CARTESIAN_POINT('',(143.9735,-105.802,-4.5E-02));
#2295 = VECTOR('',#2296,1.);
#2296 = DIRECTION('',(0.,0.,1.));
#2297 = ORIENTED_EDGE('',*,*,#1270,.F.);
#2298 = ORIENTED_EDGE('',*,*,#2292,.F.);
#2299 = CYLINDRICAL_SURFACE('',#2300,0.152);
#2300 = AXIS2_PLACEMENT_3D('',#2301,#2302,#2303);
#2301 = CARTESIAN_POINT('',(143.9735,-105.65,-4.5E-02));
#2302 = DIRECTION('',(-0.,-0.,-1.));
#2303 = DIRECTION('',(-0.,-1.,0.));
#2304 = ADVANCED_FACE('',(#2305),#2316,.F.);
#2305 = FACE_BOUND('',#2306,.T.);
#2306 = EDGE_LOOP('',(#2307,#2308,#2314,#2315));
#2307 = ORIENTED_EDGE('',*,*,#553,.T.);
#2308 = ORIENTED_EDGE('',*,*,#2309,.T.);
#2309 = EDGE_CURVE('',#554,#1282,#2310,.T.);
#2310 = LINE('',#2311,#2312);
#2311 = CARTESIAN_POINT('',(149.53,-106.405,-4.5E-02));
#2312 = VECTOR('',#2313,1.);
#2313 = DIRECTION('',(0.,0.,1.));
#2314 = ORIENTED_EDGE('',*,*,#1281,.F.);
#2315 = ORIENTED_EDGE('',*,*,#2309,.F.);
#2316 = CYLINDRICAL_SURFACE('',#2317,0.595);
#2317 = AXIS2_PLACEMENT_3D('',#2318,#2319,#2320);
#2318 = CARTESIAN_POINT('',(149.53,-105.81,-4.5E-02));
#2319 = DIRECTION('',(-0.,-0.,-1.));
#2320 = DIRECTION('',(-0.,-1.,0.));
#2321 = ADVANCED_FACE('',(#2322),#2338,.F.);
#2322 = FACE_BOUND('',#2323,.T.);
#2323 = EDGE_LOOP('',(#2324,#2330,#2331,#2337));
#2324 = ORIENTED_EDGE('',*,*,#2325,.T.);
#2325 = EDGE_CURVE('',#565,#1293,#2326,.T.);
#2326 = LINE('',#2327,#2328);
#2327 = CARTESIAN_POINT('',(155.5,-97.,0.));
#2328 = VECTOR('',#2329,1.);
#2329 = DIRECTION('',(0.,0.,1.));
#2330 = ORIENTED_EDGE('',*,*,#1292,.T.);
#2331 = ORIENTED_EDGE('',*,*,#2332,.F.);
#2332 = EDGE_CURVE('',#567,#1295,#2333,.T.);
#2333 = LINE('',#2334,#2335);
#2334 = CARTESIAN_POINT('',(153.5,-97.,0.));
#2335 = VECTOR('',#2336,1.);
#2336 = DIRECTION('',(0.,0.,1.));
#2337 = ORIENTED_EDGE('',*,*,#564,.F.);
#2338 = CYLINDRICAL_SURFACE('',#2339,1.);
#2339 = AXIS2_PLACEMENT_3D('',#2340,#2341,#2342);
#2340 = CARTESIAN_POINT('',(154.5,-97.,0.));
#2341 = DIRECTION('',(-0.,-0.,-1.));
#2342 = DIRECTION('',(1.,0.,-0.));
#2343 = ADVANCED_FACE('',(#2344),#2355,.T.);
#2344 = FACE_BOUND('',#2345,.T.);
#2345 = EDGE_LOOP('',(#2346,#2352,#2353,#2354));
#2346 = ORIENTED_EDGE('',*,*,#2347,.T.);
#2347 = EDGE_CURVE('',#576,#1304,#2348,.T.);
#2348 = LINE('',#2349,#2350);
#2349 = CARTESIAN_POINT('',(155.5,-112.,0.));
#2350 = VECTOR('',#2351,1.);
#2351 = DIRECTION('',(0.,0.,1.));
#2352 = ORIENTED_EDGE('',*,*,#1303,.T.);
#2353 = ORIENTED_EDGE('',*,*,#2325,.F.);
#2354 = ORIENTED_EDGE('',*,*,#575,.F.);
#2355 = PLANE('',#2356);
#2356 = AXIS2_PLACEMENT_3D('',#2357,#2358,#2359);
#2357 = CARTESIAN_POINT('',(155.5,-112.,0.));
#2358 = DIRECTION('',(-1.,0.,0.));
#2359 = DIRECTION('',(0.,1.,0.));
#2360 = ADVANCED_FACE('',(#2361),#2372,.T.);
#2361 = FACE_BOUND('',#2362,.T.);
#2362 = EDGE_LOOP('',(#2363,#2364,#2365,#2371));
#2363 = ORIENTED_EDGE('',*,*,#2332,.T.);
#2364 = ORIENTED_EDGE('',*,*,#1320,.T.);
#2365 = ORIENTED_EDGE('',*,*,#2366,.F.);
#2366 = EDGE_CURVE('',#584,#1312,#2367,.T.);
#2367 = LINE('',#2368,#2369);
#2368 = CARTESIAN_POINT('',(153.5,-112.,0.));
#2369 = VECTOR('',#2370,1.);
#2370 = DIRECTION('',(0.,0.,1.));
#2371 = ORIENTED_EDGE('',*,*,#592,.F.);
#2372 = PLANE('',#2373);
#2373 = AXIS2_PLACEMENT_3D('',#2374,#2375,#2376);
#2374 = CARTESIAN_POINT('',(153.5,-97.,0.));
#2375 = DIRECTION('',(1.,0.,-0.));
#2376 = DIRECTION('',(0.,-1.,0.));
#2377 = ADVANCED_FACE('',(#2378),#2384,.F.);
#2378 = FACE_BOUND('',#2379,.T.);
#2379 = EDGE_LOOP('',(#2380,#2381,#2382,#2383));
#2380 = ORIENTED_EDGE('',*,*,#2366,.T.);
#2381 = ORIENTED_EDGE('',*,*,#1311,.T.);
#2382 = ORIENTED_EDGE('',*,*,#2347,.F.);
#2383 = ORIENTED_EDGE('',*,*,#583,.F.);
#2384 = CYLINDRICAL_SURFACE('',#2385,1.);
#2385 = AXIS2_PLACEMENT_3D('',#2386,#2387,#2388);
#2386 = CARTESIAN_POINT('',(154.5,-112.,0.));
#2387 = DIRECTION('',(-0.,-0.,-1.));
#2388 = DIRECTION('',(-1.,0.,-0.));
#2389 = ADVANCED_FACE('',(#2390),#2401,.F.);
#2390 = FACE_BOUND('',#2391,.T.);
#2391 = EDGE_LOOP('',(#2392,#2393,#2399,#2400));
#2392 = ORIENTED_EDGE('',*,*,#600,.T.);
#2393 = ORIENTED_EDGE('',*,*,#2394,.T.);
#2394 = EDGE_CURVE('',#601,#1329,#2395,.T.);
#2395 = LINE('',#2396,#2397);
#2396 = CARTESIAN_POINT('',(162.53,-108.945,-4.5E-02));
#2397 = VECTOR('',#2398,1.);
#2398 = DIRECTION('',(0.,0.,1.));
#2399 = ORIENTED_EDGE('',*,*,#1328,.F.);
#2400 = ORIENTED_EDGE('',*,*,#2394,.F.);
#2401 = CYLINDRICAL_SURFACE('',#2402,0.595);
#2402 = AXIS2_PLACEMENT_3D('',#2403,#2404,#2405);
#2403 = CARTESIAN_POINT('',(162.53,-108.35,-4.5E-02));
#2404 = DIRECTION('',(-0.,-0.,-1.));
#2405 = DIRECTION('',(-0.,-1.,0.));
#2406 = ADVANCED_FACE('',(#2407),#2418,.F.);
#2407 = FACE_BOUND('',#2408,.T.);
#2408 = EDGE_LOOP('',(#2409,#2415,#2416,#2417));
#2409 = ORIENTED_EDGE('',*,*,#2410,.T.);
#2410 = EDGE_CURVE('',#612,#1340,#2411,.T.);
#2411 = LINE('',#2412,#2413);
#2412 = CARTESIAN_POINT('',(172.25,-112.5,0.));
#2413 = VECTOR('',#2414,1.);
#2414 = DIRECTION('',(0.,0.,1.));
#2415 = ORIENTED_EDGE('',*,*,#1339,.T.);
#2416 = ORIENTED_EDGE('',*,*,#2410,.F.);
#2417 = ORIENTED_EDGE('',*,*,#611,.F.);
#2418 = CYLINDRICAL_SURFACE('',#2419,1.25);
#2419 = AXIS2_PLACEMENT_3D('',#2420,#2421,#2422);
#2420 = CARTESIAN_POINT('',(171.,-112.5,0.));
#2421 = DIRECTION('',(-0.,-0.,-1.));
#2422 = DIRECTION('',(1.,0.,-0.));
#2423 = ADVANCED_FACE('',(#2424),#2435,.F.);
#2424 = FACE_BOUND('',#2425,.T.);
#2425 = EDGE_LOOP('',(#2426,#2427,#2433,#2434));
#2426 = ORIENTED_EDGE('',*,*,#622,.T.);
#2427 = ORIENTED_EDGE('',*,*,#2428,.T.);
#2428 = EDGE_CURVE('',#623,#1351,#2429,.T.);
#2429 = LINE('',#2430,#2431);
#2430 = CARTESIAN_POINT('',(162.53,-106.405,-4.5E-02));
#2431 = VECTOR('',#2432,1.);
#2432 = DIRECTION('',(0.,0.,1.));
#2433 = ORIENTED_EDGE('',*,*,#1350,.F.);
#2434 = ORIENTED_EDGE('',*,*,#2428,.F.);
#2435 = CYLINDRICAL_SURFACE('',#2436,0.595);
#2436 = AXIS2_PLACEMENT_3D('',#2437,#2438,#2439);
#2437 = CARTESIAN_POINT('',(162.53,-105.81,-4.5E-02));
#2438 = DIRECTION('',(-0.,-0.,-1.));
#2439 = DIRECTION('',(-0.,-1.,0.));
#2440 = ADVANCED_FACE('',(#2441),#2452,.F.);
#2441 = FACE_BOUND('',#2442,.T.);
#2442 = EDGE_LOOP('',(#2443,#2444,#2450,#2451));
#2443 = ORIENTED_EDGE('',*,*,#633,.T.);
#2444 = ORIENTED_EDGE('',*,*,#2445,.T.);
#2445 = EDGE_CURVE('',#634,#1362,#2446,.T.);
#2446 = LINE('',#2447,#2448);
#2447 = CARTESIAN_POINT('',(158.6735,-100.677,-4.5E-02));
#2448 = VECTOR('',#2449,1.);
#2449 = DIRECTION('',(0.,0.,1.));
#2450 = ORIENTED_EDGE('',*,*,#1361,.F.);
#2451 = ORIENTED_EDGE('',*,*,#2445,.F.);
#2452 = CYLINDRICAL_SURFACE('',#2453,0.152);
#2453 = AXIS2_PLACEMENT_3D('',#2454,#2455,#2456);
#2454 = CARTESIAN_POINT('',(158.6735,-100.525,-4.5E-02));
#2455 = DIRECTION('',(-0.,-0.,-1.));
#2456 = DIRECTION('',(-0.,-1.,0.));
#2457 = ADVANCED_FACE('',(#2458),#2469,.F.);
#2458 = FACE_BOUND('',#2459,.T.);
#2459 = EDGE_LOOP('',(#2460,#2461,#2467,#2468));
#2460 = ORIENTED_EDGE('',*,*,#644,.T.);
#2461 = ORIENTED_EDGE('',*,*,#2462,.T.);
#2462 = EDGE_CURVE('',#645,#1373,#2463,.T.);
#2463 = LINE('',#2464,#2465);
#2464 = CARTESIAN_POINT('',(158.6735,-99.677,-4.5E-02));
#2465 = VECTOR('',#2466,1.);
#2466 = DIRECTION('',(0.,0.,1.));
#2467 = ORIENTED_EDGE('',*,*,#1372,.F.);
#2468 = ORIENTED_EDGE('',*,*,#2462,.F.);
#2469 = CYLINDRICAL_SURFACE('',#2470,0.152);
#2470 = AXIS2_PLACEMENT_3D('',#2471,#2472,#2473);
#2471 = CARTESIAN_POINT('',(158.6735,-99.525,-4.5E-02));
#2472 = DIRECTION('',(-0.,-0.,-1.));
#2473 = DIRECTION('',(-0.,-1.,0.));
#2474 = ADVANCED_FACE('',(#2475),#2486,.F.);
#2475 = FACE_BOUND('',#2476,.T.);
#2476 = EDGE_LOOP('',(#2477,#2478,#2484,#2485));
#2477 = ORIENTED_EDGE('',*,*,#655,.T.);
#2478 = ORIENTED_EDGE('',*,*,#2479,.T.);
#2479 = EDGE_CURVE('',#656,#1384,#2480,.T.);
#2480 = LINE('',#2481,#2482);
#2481 = CARTESIAN_POINT('',(159.6735,-100.677,-4.5E-02));
#2482 = VECTOR('',#2483,1.);
#2483 = DIRECTION('',(0.,0.,1.));
#2484 = ORIENTED_EDGE('',*,*,#1383,.F.);
#2485 = ORIENTED_EDGE('',*,*,#2479,.F.);
#2486 = CYLINDRICAL_SURFACE('',#2487,0.152);
#2487 = AXIS2_PLACEMENT_3D('',#2488,#2489,#2490);
#2488 = CARTESIAN_POINT('',(159.6735,-100.525,-4.5E-02));
#2489 = DIRECTION('',(-0.,-0.,-1.));
#2490 = DIRECTION('',(-0.,-1.,0.));
#2491 = ADVANCED_FACE('',(#2492),#2503,.F.);
#2492 = FACE_BOUND('',#2493,.T.);
#2493 = EDGE_LOOP('',(#2494,#2495,#2501,#2502));
#2494 = ORIENTED_EDGE('',*,*,#666,.T.);
#2495 = ORIENTED_EDGE('',*,*,#2496,.T.);
#2496 = EDGE_CURVE('',#667,#1395,#2497,.T.);
#2497 = LINE('',#2498,#2499);
#2498 = CARTESIAN_POINT('',(159.6735,-99.677,-4.5E-02));
#2499 = VECTOR('',#2500,1.);
#2500 = DIRECTION('',(0.,0.,1.));
#2501 = ORIENTED_EDGE('',*,*,#1394,.F.);
#2502 = ORIENTED_EDGE('',*,*,#2496,.F.);
#2503 = CYLINDRICAL_SURFACE('',#2504,0.152);
#2504 = AXIS2_PLACEMENT_3D('',#2505,#2506,#2507);
#2505 = CARTESIAN_POINT('',(159.6735,-99.525,-4.5E-02));
#2506 = DIRECTION('',(-0.,-0.,-1.));
#2507 = DIRECTION('',(-0.,-1.,0.));
#2508 = ADVANCED_FACE('',(#2509),#2520,.F.);
#2509 = FACE_BOUND('',#2510,.T.);
#2510 = EDGE_LOOP('',(#2511,#2517,#2518,#2519));
#2511 = ORIENTED_EDGE('',*,*,#2512,.T.);
#2512 = EDGE_CURVE('',#678,#1406,#2513,.T.);
#2513 = LINE('',#2514,#2515);
#2514 = CARTESIAN_POINT('',(114.25,-63.5,0.));
#2515 = VECTOR('',#2516,1.);
#2516 = DIRECTION('',(0.,0.,1.));
#2517 = ORIENTED_EDGE('',*,*,#1405,.T.);
#2518 = ORIENTED_EDGE('',*,*,#2512,.F.);
#2519 = ORIENTED_EDGE('',*,*,#677,.F.);
#2520 = CYLINDRICAL_SURFACE('',#2521,1.25);
#2521 = AXIS2_PLACEMENT_3D('',#2522,#2523,#2524);
#2522 = CARTESIAN_POINT('',(113.,-63.5,0.));
#2523 = DIRECTION('',(-0.,-0.,-1.));
#2524 = DIRECTION('',(1.,0.,-0.));
#2525 = ADVANCED_FACE('',(#2526),#2542,.F.);
#2526 = FACE_BOUND('',#2527,.T.);
#2527 = EDGE_LOOP('',(#2528,#2529,#2535,#2536));
#2528 = ORIENTED_EDGE('',*,*,#688,.T.);
#2529 = ORIENTED_EDGE('',*,*,#2530,.T.);
#2530 = EDGE_CURVE('',#691,#1419,#2531,.T.);
#2531 = LINE('',#2532,#2533);
#2532 = CARTESIAN_POINT('',(168.730315,-79.747881,-4.5E-02));
#2533 = VECTOR('',#2534,1.);
#2534 = DIRECTION('',(0.,0.,1.));
#2535 = ORIENTED_EDGE('',*,*,#1416,.F.);
#2536 = ORIENTED_EDGE('',*,*,#2537,.F.);
#2537 = EDGE_CURVE('',#689,#1417,#2538,.T.);
#2538 = LINE('',#2539,#2540);
#2539 = CARTESIAN_POINT('',(168.120315,-79.747881,-4.5E-02));
#2540 = VECTOR('',#2541,1.);
#2541 = DIRECTION('',(0.,0.,1.));
#2542 = CYLINDRICAL_SURFACE('',#2543,0.305);
#2543 = AXIS2_PLACEMENT_3D('',#2544,#2545,#2546);
#2544 = CARTESIAN_POINT('',(168.425315,-79.747881,-4.5E-02));
#2545 = DIRECTION('',(-0.,-0.,-1.));
#2546 = DIRECTION('',(1.,-9.31859325587E-14,0.));
#2547 = ADVANCED_FACE('',(#2548),#2559,.T.);
#2548 = FACE_BOUND('',#2549,.T.);
#2549 = EDGE_LOOP('',(#2550,#2551,#2552,#2553));
#2550 = ORIENTED_EDGE('',*,*,#716,.T.);
#2551 = ORIENTED_EDGE('',*,*,#2537,.T.);
#2552 = ORIENTED_EDGE('',*,*,#1444,.F.);
#2553 = ORIENTED_EDGE('',*,*,#2554,.F.);
#2554 = EDGE_CURVE('',#708,#1436,#2555,.T.);
#2555 = LINE('',#2556,#2557);
#2556 = CARTESIAN_POINT('',(168.120315,-80.137881,-4.5E-02));
#2557 = VECTOR('',#2558,1.);
#2558 = DIRECTION('',(0.,0.,1.));
#2559 = PLANE('',#2560);
#2560 = AXIS2_PLACEMENT_3D('',#2561,#2562,#2563);
#2561 = CARTESIAN_POINT('',(168.120315,-79.747881,-4.5E-02));
#2562 = DIRECTION('',(1.,0.,-0.));
#2563 = DIRECTION('',(0.,-1.,0.));
#2564 = ADVANCED_FACE('',(#2565),#2576,.F.);
#2565 = FACE_BOUND('',#2566,.T.);
#2566 = EDGE_LOOP('',(#2567,#2568,#2569,#2570));
#2567 = ORIENTED_EDGE('',*,*,#707,.T.);
#2568 = ORIENTED_EDGE('',*,*,#2554,.T.);
#2569 = ORIENTED_EDGE('',*,*,#1435,.F.);
#2570 = ORIENTED_EDGE('',*,*,#2571,.F.);
#2571 = EDGE_CURVE('',#700,#1428,#2572,.T.);
#2572 = LINE('',#2573,#2574);
#2573 = CARTESIAN_POINT('',(168.730315,-80.137881,-4.5E-02));
#2574 = VECTOR('',#2575,1.);
#2575 = DIRECTION('',(0.,0.,1.));
#2576 = CYLINDRICAL_SURFACE('',#2577,0.305);
#2577 = AXIS2_PLACEMENT_3D('',#2578,#2579,#2580);
#2578 = CARTESIAN_POINT('',(168.425315,-80.137881,-4.5E-02));
#2579 = DIRECTION('',(-0.,-0.,-1.));
#2580 = DIRECTION('',(-1.,9.318593255871E-14,-0.));
#2581 = ADVANCED_FACE('',(#2582),#2588,.T.);
#2582 = FACE_BOUND('',#2583,.T.);
#2583 = EDGE_LOOP('',(#2584,#2585,#2586,#2587));
#2584 = ORIENTED_EDGE('',*,*,#699,.T.);
#2585 = ORIENTED_EDGE('',*,*,#2571,.T.);
#2586 = ORIENTED_EDGE('',*,*,#1427,.F.);
#2587 = ORIENTED_EDGE('',*,*,#2530,.F.);
#2588 = PLANE('',#2589);
#2589 = AXIS2_PLACEMENT_3D('',#2590,#2591,#2592);
#2590 = CARTESIAN_POINT('',(168.730315,-80.137881,-4.5E-02));
#2591 = DIRECTION('',(-1.,0.,0.));
#2592 = DIRECTION('',(0.,1.,0.));
#2593 = ADVANCED_FACE('',(#2594),#2605,.F.);
#2594 = FACE_BOUND('',#2595,.T.);
#2595 = EDGE_LOOP('',(#2596,#2597,#2603,#2604));
#2596 = ORIENTED_EDGE('',*,*,#724,.T.);
#2597 = ORIENTED_EDGE('',*,*,#2598,.T.);
#2598 = EDGE_CURVE('',#725,#1453,#2599,.T.);
#2599 = LINE('',#2600,#2601);
#2600 = CARTESIAN_POINT('',(170.575315,-81.592881,-4.5E-02));
#2601 = VECTOR('',#2602,1.);
#2602 = DIRECTION('',(0.,0.,1.));
#2603 = ORIENTED_EDGE('',*,*,#1452,.F.);
#2604 = ORIENTED_EDGE('',*,*,#2598,.F.);
#2605 = CYLINDRICAL_SURFACE('',#2606,0.3);
#2606 = AXIS2_PLACEMENT_3D('',#2607,#2608,#2609);
#2607 = CARTESIAN_POINT('',(170.575315,-81.292881,-4.5E-02));
#2608 = DIRECTION('',(-0.,-0.,-1.));
#2609 = DIRECTION('',(-0.,-1.,0.));
#2610 = ADVANCED_FACE('',(#2611),#2627,.F.);
#2611 = FACE_BOUND('',#2612,.T.);
#2612 = EDGE_LOOP('',(#2613,#2614,#2620,#2621));
#2613 = ORIENTED_EDGE('',*,*,#735,.T.);
#2614 = ORIENTED_EDGE('',*,*,#2615,.T.);
#2615 = EDGE_CURVE('',#738,#1466,#2616,.T.);
#2616 = LINE('',#2617,#2618);
#2617 = CARTESIAN_POINT('',(173.030315,-79.747881,-4.5E-02));
#2618 = VECTOR('',#2619,1.);
#2619 = DIRECTION('',(0.,0.,1.));
#2620 = ORIENTED_EDGE('',*,*,#1463,.F.);
#2621 = ORIENTED_EDGE('',*,*,#2622,.F.);
#2622 = EDGE_CURVE('',#736,#1464,#2623,.T.);
#2623 = LINE('',#2624,#2625);
#2624 = CARTESIAN_POINT('',(172.420315,-79.747881,-4.5E-02));
#2625 = VECTOR('',#2626,1.);
#2626 = DIRECTION('',(0.,0.,1.));
#2627 = CYLINDRICAL_SURFACE('',#2628,0.305);
#2628 = AXIS2_PLACEMENT_3D('',#2629,#2630,#2631);
#2629 = CARTESIAN_POINT('',(172.725315,-79.747881,-4.5E-02));
#2630 = DIRECTION('',(-0.,-0.,-1.));
#2631 = DIRECTION('',(1.,0.,-0.));
#2632 = ADVANCED_FACE('',(#2633),#2644,.T.);
#2633 = FACE_BOUND('',#2634,.T.);
#2634 = EDGE_LOOP('',(#2635,#2636,#2637,#2638));
#2635 = ORIENTED_EDGE('',*,*,#763,.T.);
#2636 = ORIENTED_EDGE('',*,*,#2622,.T.);
#2637 = ORIENTED_EDGE('',*,*,#1491,.F.);
#2638 = ORIENTED_EDGE('',*,*,#2639,.F.);
#2639 = EDGE_CURVE('',#755,#1483,#2640,.T.);
#2640 = LINE('',#2641,#2642);
#2641 = CARTESIAN_POINT('',(172.420315,-80.137881,-4.5E-02));
#2642 = VECTOR('',#2643,1.);
#2643 = DIRECTION('',(0.,0.,1.));
#2644 = PLANE('',#2645);
#2645 = AXIS2_PLACEMENT_3D('',#2646,#2647,#2648);
#2646 = CARTESIAN_POINT('',(172.420315,-79.747881,-4.5E-02));
#2647 = DIRECTION('',(1.,0.,-0.));
#2648 = DIRECTION('',(0.,-1.,0.));
#2649 = ADVANCED_FACE('',(#2650),#2661,.F.);
#2650 = FACE_BOUND('',#2651,.T.);
#2651 = EDGE_LOOP('',(#2652,#2653,#2654,#2655));
#2652 = ORIENTED_EDGE('',*,*,#754,.T.);
#2653 = ORIENTED_EDGE('',*,*,#2639,.T.);
#2654 = ORIENTED_EDGE('',*,*,#1482,.F.);
#2655 = ORIENTED_EDGE('',*,*,#2656,.F.);
#2656 = EDGE_CURVE('',#747,#1475,#2657,.T.);
#2657 = LINE('',#2658,#2659);
#2658 = CARTESIAN_POINT('',(173.030315,-80.137881,-4.5E-02));
#2659 = VECTOR('',#2660,1.);
#2660 = DIRECTION('',(0.,0.,1.));
#2661 = CYLINDRICAL_SURFACE('',#2662,0.305);
#2662 = AXIS2_PLACEMENT_3D('',#2663,#2664,#2665);
#2663 = CARTESIAN_POINT('',(172.725315,-80.137881,-4.5E-02));
#2664 = DIRECTION('',(-0.,-0.,-1.));
#2665 = DIRECTION('',(-1.,0.,-0.));
#2666 = ADVANCED_FACE('',(#2667),#2673,.T.);
#2667 = FACE_BOUND('',#2668,.T.);
#2668 = EDGE_LOOP('',(#2669,#2670,#2671,#2672));
#2669 = ORIENTED_EDGE('',*,*,#746,.T.);
#2670 = ORIENTED_EDGE('',*,*,#2656,.T.);
#2671 = ORIENTED_EDGE('',*,*,#1474,.F.);
#2672 = ORIENTED_EDGE('',*,*,#2615,.F.);
#2673 = PLANE('',#2674);
#2674 = AXIS2_PLACEMENT_3D('',#2675,#2676,#2677);
#2675 = CARTESIAN_POINT('',(173.030315,-80.137881,-4.5E-02));
#2676 = DIRECTION('',(-1.,0.,0.));
#2677 = DIRECTION('',(0.,1.,0.));
#2678 = ADVANCED_FACE('',(#2679),#2695,.F.);
#2679 = FACE_BOUND('',#2680,.T.);
#2680 = EDGE_LOOP('',(#2681,#2682,#2688,#2689));
#2681 = ORIENTED_EDGE('',*,*,#771,.T.);
#2682 = ORIENTED_EDGE('',*,*,#2683,.T.);
#2683 = EDGE_CURVE('',#774,#1502,#2684,.T.);
#2684 = LINE('',#2685,#2686);
#2685 = CARTESIAN_POINT('',(168.730315,-74.947881,-4.5E-02));
#2686 = VECTOR('',#2687,1.);
#2687 = DIRECTION('',(0.,0.,1.));
#2688 = ORIENTED_EDGE('',*,*,#1499,.F.);
#2689 = ORIENTED_EDGE('',*,*,#2690,.F.);
#2690 = EDGE_CURVE('',#772,#1500,#2691,.T.);
#2691 = LINE('',#2692,#2693);
#2692 = CARTESIAN_POINT('',(168.120315,-74.947881,-4.5E-02));
#2693 = VECTOR('',#2694,1.);
#2694 = DIRECTION('',(0.,0.,1.));
#2695 = CYLINDRICAL_SURFACE('',#2696,0.305);
#2696 = AXIS2_PLACEMENT_3D('',#2697,#2698,#2699);
#2697 = CARTESIAN_POINT('',(168.425315,-74.947881,-4.5E-02));
#2698 = DIRECTION('',(-0.,-0.,-1.));
#2699 = DIRECTION('',(1.,-4.659296627935E-14,0.));
#2700 = ADVANCED_FACE('',(#2701),#2712,.T.);
#2701 = FACE_BOUND('',#2702,.T.);
#2702 = EDGE_LOOP('',(#2703,#2704,#2705,#2706));
#2703 = ORIENTED_EDGE('',*,*,#799,.T.);
#2704 = ORIENTED_EDGE('',*,*,#2690,.T.);
#2705 = ORIENTED_EDGE('',*,*,#1527,.F.);
#2706 = ORIENTED_EDGE('',*,*,#2707,.F.);
#2707 = EDGE_CURVE('',#791,#1519,#2708,.T.);
#2708 = LINE('',#2709,#2710);
#2709 = CARTESIAN_POINT('',(168.120315,-75.337881,-4.5E-02));
#2710 = VECTOR('',#2711,1.);
#2711 = DIRECTION('',(0.,0.,1.));
#2712 = PLANE('',#2713);
#2713 = AXIS2_PLACEMENT_3D('',#2714,#2715,#2716);
#2714 = CARTESIAN_POINT('',(168.120315,-74.947881,-4.5E-02));
#2715 = DIRECTION('',(1.,0.,-0.));
#2716 = DIRECTION('',(0.,-1.,0.));
#2717 = ADVANCED_FACE('',(#2718),#2729,.F.);
#2718 = FACE_BOUND('',#2719,.T.);
#2719 = EDGE_LOOP('',(#2720,#2721,#2722,#2723));
#2720 = ORIENTED_EDGE('',*,*,#790,.T.);
#2721 = ORIENTED_EDGE('',*,*,#2707,.T.);
#2722 = ORIENTED_EDGE('',*,*,#1518,.F.);
#2723 = ORIENTED_EDGE('',*,*,#2724,.F.);
#2724 = EDGE_CURVE('',#783,#1511,#2725,.T.);
#2725 = LINE('',#2726,#2727);
#2726 = CARTESIAN_POINT('',(168.730315,-75.337881,-4.5E-02));
#2727 = VECTOR('',#2728,1.);
#2728 = DIRECTION('',(0.,0.,1.));
#2729 = CYLINDRICAL_SURFACE('',#2730,0.305);
#2730 = AXIS2_PLACEMENT_3D('',#2731,#2732,#2733);
#2731 = CARTESIAN_POINT('',(168.425315,-75.337881,-4.5E-02));
#2732 = DIRECTION('',(-0.,-0.,-1.));
#2733 = DIRECTION('',(-1.,4.659296627935E-14,-0.));
#2734 = ADVANCED_FACE('',(#2735),#2741,.T.);
#2735 = FACE_BOUND('',#2736,.T.);
#2736 = EDGE_LOOP('',(#2737,#2738,#2739,#2740));
#2737 = ORIENTED_EDGE('',*,*,#782,.T.);
#2738 = ORIENTED_EDGE('',*,*,#2724,.T.);
#2739 = ORIENTED_EDGE('',*,*,#1510,.F.);
#2740 = ORIENTED_EDGE('',*,*,#2683,.F.);
#2741 = PLANE('',#2742);
#2742 = AXIS2_PLACEMENT_3D('',#2743,#2744,#2745);
#2743 = CARTESIAN_POINT('',(168.730315,-75.337881,-4.5E-02));
#2744 = DIRECTION('',(-1.,0.,0.));
#2745 = DIRECTION('',(0.,1.,0.));
#2746 = ADVANCED_FACE('',(#2747),#2763,.F.);
#2747 = FACE_BOUND('',#2748,.T.);
#2748 = EDGE_LOOP('',(#2749,#2750,#2756,#2757));
#2749 = ORIENTED_EDGE('',*,*,#807,.T.);
#2750 = ORIENTED_EDGE('',*,*,#2751,.T.);
#2751 = EDGE_CURVE('',#810,#1538,#2752,.T.);
#2752 = LINE('',#2753,#2754);
#2753 = CARTESIAN_POINT('',(173.030315,-74.947881,-4.5E-02));
#2754 = VECTOR('',#2755,1.);
#2755 = DIRECTION('',(0.,0.,1.));
#2756 = ORIENTED_EDGE('',*,*,#1535,.F.);
#2757 = ORIENTED_EDGE('',*,*,#2758,.F.);
#2758 = EDGE_CURVE('',#808,#1536,#2759,.T.);
#2759 = LINE('',#2760,#2761);
#2760 = CARTESIAN_POINT('',(172.420315,-74.947881,-4.5E-02));
#2761 = VECTOR('',#2762,1.);
#2762 = DIRECTION('',(0.,0.,1.));
#2763 = CYLINDRICAL_SURFACE('',#2764,0.305);
#2764 = AXIS2_PLACEMENT_3D('',#2765,#2766,#2767);
#2765 = CARTESIAN_POINT('',(172.725315,-74.947881,-4.5E-02));
#2766 = DIRECTION('',(-0.,-0.,-1.));
#2767 = DIRECTION('',(1.,0.,-0.));
#2768 = ADVANCED_FACE('',(#2769),#2780,.T.);
#2769 = FACE_BOUND('',#2770,.T.);
#2770 = EDGE_LOOP('',(#2771,#2772,#2773,#2774));
#2771 = ORIENTED_EDGE('',*,*,#835,.T.);
#2772 = ORIENTED_EDGE('',*,*,#2758,.T.);
#2773 = ORIENTED_EDGE('',*,*,#1563,.F.);
#2774 = ORIENTED_EDGE('',*,*,#2775,.F.);
#2775 = EDGE_CURVE('',#827,#1555,#2776,.T.);
#2776 = LINE('',#2777,#2778);
#2777 = CARTESIAN_POINT('',(172.420315,-75.337881,-4.5E-02));
#2778 = VECTOR('',#2779,1.);
#2779 = DIRECTION('',(0.,0.,1.));
#2780 = PLANE('',#2781);
#2781 = AXIS2_PLACEMENT_3D('',#2782,#2783,#2784);
#2782 = CARTESIAN_POINT('',(172.420315,-74.947881,-4.5E-02));
#2783 = DIRECTION('',(1.,0.,-0.));
#2784 = DIRECTION('',(0.,-1.,0.));
#2785 = ADVANCED_FACE('',(#2786),#2797,.F.);
#2786 = FACE_BOUND('',#2787,.T.);
#2787 = EDGE_LOOP('',(#2788,#2789,#2790,#2791));
#2788 = ORIENTED_EDGE('',*,*,#826,.T.);
#2789 = ORIENTED_EDGE('',*,*,#2775,.T.);
#2790 = ORIENTED_EDGE('',*,*,#1554,.F.);
#2791 = ORIENTED_EDGE('',*,*,#2792,.F.);
#2792 = EDGE_CURVE('',#819,#1547,#2793,.T.);
#2793 = LINE('',#2794,#2795);
#2794 = CARTESIAN_POINT('',(173.030315,-75.337881,-4.5E-02));
#2795 = VECTOR('',#2796,1.);
#2796 = DIRECTION('',(0.,0.,1.));
#2797 = CYLINDRICAL_SURFACE('',#2798,0.305);
#2798 = AXIS2_PLACEMENT_3D('',#2799,#2800,#2801);
#2799 = CARTESIAN_POINT('',(172.725315,-75.337881,-4.5E-02));
#2800 = DIRECTION('',(-0.,-0.,-1.));
#2801 = DIRECTION('',(-1.,0.,-0.));
#2802 = ADVANCED_FACE('',(#2803),#2809,.T.);
#2803 = FACE_BOUND('',#2804,.T.);
#2804 = EDGE_LOOP('',(#2805,#2806,#2807,#2808));
#2805 = ORIENTED_EDGE('',*,*,#818,.T.);
#2806 = ORIENTED_EDGE('',*,*,#2792,.T.);
#2807 = ORIENTED_EDGE('',*,*,#1546,.F.);
#2808 = ORIENTED_EDGE('',*,*,#2751,.F.);
#2809 = PLANE('',#2810);
#2810 = AXIS2_PLACEMENT_3D('',#2811,#2812,#2813);
#2811 = CARTESIAN_POINT('',(173.030315,-75.337881,-4.5E-02));
#2812 = DIRECTION('',(-1.,0.,0.));
#2813 = DIRECTION('',(0.,1.,0.));
#2814 = ADVANCED_FACE('',(#2815),#2826,.F.);
#2815 = FACE_BOUND('',#2816,.T.);
#2816 = EDGE_LOOP('',(#2817,#2818,#2824,#2825));
#2817 = ORIENTED_EDGE('',*,*,#843,.T.);
#2818 = ORIENTED_EDGE('',*,*,#2819,.T.);
#2819 = EDGE_CURVE('',#844,#1572,#2820,.T.);
#2820 = LINE('',#2821,#2822);
#2821 = CARTESIAN_POINT('',(170.575315,-74.092881,-4.5E-02));
#2822 = VECTOR('',#2823,1.);
#2823 = DIRECTION('',(0.,0.,1.));
#2824 = ORIENTED_EDGE('',*,*,#1571,.F.);
#2825 = ORIENTED_EDGE('',*,*,#2819,.F.);
#2826 = CYLINDRICAL_SURFACE('',#2827,0.3);
#2827 = AXIS2_PLACEMENT_3D('',#2828,#2829,#2830);
#2828 = CARTESIAN_POINT('',(170.575315,-73.792881,-4.5E-02));
#2829 = DIRECTION('',(-0.,-0.,-1.));
#2830 = DIRECTION('',(-0.,-1.,0.));
#2831 = ADVANCED_FACE('',(#2832),#2843,.F.);
#2832 = FACE_BOUND('',#2833,.T.);
#2833 = EDGE_LOOP('',(#2834,#2840,#2841,#2842));
#2834 = ORIENTED_EDGE('',*,*,#2835,.T.);
#2835 = EDGE_CURVE('',#855,#1583,#2836,.T.);
#2836 = LINE('',#2837,#2838);
#2837 = CARTESIAN_POINT('',(172.25,-63.5,0.));
#2838 = VECTOR('',#2839,1.);
#2839 = DIRECTION('',(0.,0.,1.));
#2840 = ORIENTED_EDGE('',*,*,#1582,.T.);
#2841 = ORIENTED_EDGE('',*,*,#2835,.F.);
#2842 = ORIENTED_EDGE('',*,*,#854,.F.);
#2843 = CYLINDRICAL_SURFACE('',#2844,1.25);
#2844 = AXIS2_PLACEMENT_3D('',#2845,#2846,#2847);
#2845 = CARTESIAN_POINT('',(171.,-63.5,0.));
#2846 = DIRECTION('',(-0.,-0.,-1.));
#2847 = DIRECTION('',(1.,0.,-0.));
#2848 = ( GEOMETRIC_REPRESENTATION_CONTEXT(3) 
GLOBAL_UNCERTAINTY_ASSIGNED_CONTEXT((#2852)) 
GLOBAL_UNIT_ASSIGNED_CONTEXT((#2849,#2850,#2851)) REPRESENTATION_CONTEXT
('Context #1','3D Context with UNIT and UNCERTAINTY') );
#2849 = ( LENGTH_UNIT() NAMED_UNIT(*) SI_UNIT(.MILLI.,.METRE.) );
#2850 = ( NAMED_UNIT(*) PLANE_ANGLE_UNIT() SI_UNIT($,.RADIAN.) );
#2851 = ( NAMED_UNIT(*) SI_UNIT($,.STERADIAN.) SOLID_ANGLE_UNIT() );
#2852 = UNCERTAINTY_MEASURE_WITH_UNIT(LENGTH_MEASURE(1.E-04),#2849,
  'distance_accuracy_value','confusion accuracy');
#2853 = CONTEXT_DEPENDENT_SHAPE_REPRESENTATION(#2854,#2856);
#2854 = ( REPRESENTATION_RELATIONSHIP('','',#32,#10) 
REPRESENTATION_RELATIONSHIP_WITH_TRANSFORMATION(#2855) 
SHAPE_REPRESENTATION_RELATIONSHIP() );
#2855 = ITEM_DEFINED_TRANSFORMATION('','',#11,#15);
#2856 = PRODUCT_DEFINITION_SHAPE('Placement','Placement of an item',
  #2857);
#2857 = NEXT_ASSEMBLY_USAGE_OCCURRENCE('1','=>[0:1:1:2]','',#5,#27,$);
#2858 = PRODUCT_RELATED_PRODUCT_CATEGORY('part',$,(#29));
#2859 = MECHANICAL_DESIGN_GEOMETRIC_PRESENTATION_REPRESENTATION('',(
    #2860),#2848);
#2860 = STYLED_ITEM('color',(#2861),#33);
#2861 = PRESENTATION_STYLE_ASSIGNMENT((#2862));
#2862 = SURFACE_STYLE_USAGE(.BOTH.,#2863);
#2863 = SURFACE_SIDE_STYLE('',(#2864));
#2864 = SURFACE_STYLE_FILL_AREA(#2865);
#2865 = FILL_AREA_STYLE('',(#2866));
#2866 = FILL_AREA_STYLE_COLOUR('',#2867);
#2867 = COLOUR_RGB('',0.313304153717,0.484529207832,0.410020903123);
ENDSEC;
END-ISO-10303-21;
